property_type,state,lat,lon,area_m2,price_usd
house,Estado de México,19.560181,-99.233528,150.0,67965.56
house,Nuevo León,25.6884355,-100.1988071,186.0,63223.78
apartment,Guerrero,16.767704,-99.764383,82.0,84298.37
apartment,Guerrero,16.829782,-99.911012,150.0,94308.8
house,Yucatán,21.0525830247,-89.5386385918,205.0,105191.37
house,Querétaro,20.7163149,-100.4525027,320.0,274034.68
house,Morelos,18.8126047,-98.9548261,281.0,151509.56
house,Chiapas,16.769737,-93.088928,140.0,79029.72
house,Estado de México,19.305407331,-99.646948278,235.0,115937.75
house,Morelos,18.804197,-98.932816,117.0,63223.78
apartment,Guerrero,16.775165,-99.789939,117.0,157269.15
house,Yucatán,21.0483333,-89.6780555,193.0,104607.47
house,Estado de México,19.560181,-99.233528,85.0,63238.77
house,Tabasco,18.0140820847,-92.896399498,135.0,77994.48
apartment,Distrito Federal,19.390748,-99.158695,127.0,131716.2
apartment,Yucatán,21.3371507411,-89.3226885796,208.0,203167.1
house,Distrito Federal,19.337652,-99.2233268,297.0,264390.77
house,Nayarit,21.518174,-104.9074948,173.0,63238.77
house,Morelos,18.855343,-99.241142,73.0,36775.16
apartment,Puebla,19.0248763,-98.1945109,170.0,173570.3
apartment,Distrito Federal,19.403334,-99.157755,129.0,131716.2
apartment,Distrito Federal,19.428152,-99.106194,68.0,67175.26
house,Puebla,18.991881,-98.275275,334.0,262905.55
house,Veracruz de Ignacio de la Llave,25.624891,-103.397214,106.0,40041.72
house,Yucatán,20.997143,-89.601028,132.0,64556.24
house,Sinaloa,23.239141,-106.412613,104.0,44783.51
apartment,Distrito Federal,19.430141,-99.172536,97.0,104846.1
house,Estado de México,19.538595,-99.180214,200.0,158059.45
apartment,Yucatán,21.030668,-89.599258,80.0,84845.35
house,Tabasco,17.8931239971,-92.9212732315,70.0,39514.86
house,Chiapas,16.717077,-93.162903,240.0,158059.45
house,Tamaulipas,22.3261979,-97.8885244,188.0,92223.21
house,Yucatán,21.0231861,-89.5863038,253.0,129639.48
apartment,Distrito Federal,19.39365,-99.14769,128.0,120125.18
house,Veracruz de Ignacio de la Llave,25.569582,-103.33239,350.0,158059.45
house,Veracruz de Ignacio de la Llave,25.581369,-103.377648,133.0,51632.75
house,Puebla,19.0412967,-98.2061996,250.0,155461.98
house,Distrito Federal,19.390301,-99.11161,187.0,126447.56
house,Veracruz de Ignacio de la Llave,19.101803,-96.163884,127.0,51662.25
apartment,Puebla,19.026517,-98.214364,102.0,97598.5
house,Jalisco,23.634501,-102.552788,107.0,57955.13
house,Yucatán,21.075163,-89.516731,242.0,108534.15
house,Distrito Federal,19.3605334,-99.2267067,245.0,247626.47
apartment,Distrito Federal,19.351369,-99.248993,90.0,86300.46
apartment,Distrito Federal,19.412142,-99.146127,75.0,44794.13
apartment,Puebla,18.987232,-98.206947,93.0,40841.7
house,Estado de México,19.715134,-99.214828,126.0,95309.84
house,Distrito Federal,19.374069,-99.01932,300.0,150719.07
house,San Luis Potosí,22.133745,-101.016029,132.0,81683.41
house,Morelos,18.804197,-98.932816,130.0,65858.1
apartment,Yucatán,21.0294432,-89.6322061,237.0,192087.77
house,Sinaloa,24.8093254,-107.4692179,96.0,60603.82
apartment,Distrito Federal,19.33923,-99.218987,102.0,237089.17
house,Baja California,32.493049,-116.907481,76.0,41095.45
house,Hidalgo,20.1254846,-98.7362998,229.0,158096.93
house,Morelos,18.960244,-99.212962,305.0,227351.46
house,Puebla,23.634501,-102.552788,128.0,67438.69
house,Estado de México,19.5380802461,-99.2384793394,240.0,136984.85
house,Quintana Roo,21.129547,-86.817017,135.0,93781.94
house,Nuevo León,25.5683841,-100.2439723,320.0,205477.28
apartment,Tamaulipas,22.217112,-97.854477,170.0,43887.84
house,Guerrero,16.860338,-99.870399,168.0,94835.67
house,Veracruz de Ignacio de la Llave,19.109509,-96.111477,220.0,105372.96
house,Guerrero,16.771518,-99.772466,180.0,79029.72
house,Querétaro,23.634501,-102.552788,250.0,176499.72
apartment,Yucatán,21.0307114,-89.6181018,157.0,81630.71
house,Querétaro,20.6536084,-100.3469826,128.0,105372.96
house,Estado de México,19.650003,-99.220367,135.0,126477.54
house,Nuevo León,25.708134,-100.145821,60.0,34254.33
house,Nuevo León,25.751371,-100.238281,185.0,72707.34
apartment,Distrito Federal,19.351371,-99.161529,60.0,35563.37
house,Distrito Federal,19.298899,-99.208048,300.0,207057.88
house,Veracruz de Ignacio de la Llave,25.581989,-103.378005,220.0,76395.4
house,Tamaulipas,26.074236,-98.349915,200.0,126447.56
house,Quintana Roo,21.1504824698,-86.8156854808,261.0,216014.58
house,Jalisco,20.785506,-103.442286,98.0,52423.05
apartment,Distrito Federal,19.374421,-99.13907,72.0,118386.52
house,Yucatán,20.99947,-89.642815,211.0,63238.77
house,Estado de México,19.533243,-99.227295,200.0,173865.39
house,Querétaro,20.705742,-100.444016,300.0,226551.88
house,Sonora,29.058504,-110.978981,185.0,34254.33
house,Puebla,18.99466,-98.2761016,178.0,139652.29
house,Sinaloa,24.754314,-107.402241,280.0,84298.37
house,Estado de México,19.544106,-99.112656,131.0,68492.42
house,Chihuahua,28.6329957,-106.0691004,115.0,63238.77
house,Yucatán,20.992149142,-89.5655331016,121.0,65873.72
house,San Luis Potosí,22.141575,-100.900192,108.0,50591.01
house,Distrito Federal,19.499857,-99.097517,300.0,126447.56
apartment,Distrito Federal,19.381729,-99.164986,80.0,142253.5
house,Morelos,18.942068,-99.242531,290.0,242415.29
house,Puebla,19.087196,-98.288637,148.0,72707.34
house,Veracruz de Ignacio de la Llave,19.1616453,-96.154687,290.0,147557.13
house,Puebla,18.989595,-98.203529,200.0,150192.08
house,Morelos,18.917542,-98.963181,220.0,110641.61
house,Yucatán,20.9993534,-89.5910162,192.0,86953.31
house,Baja California Sur,24.1499447277,-110.3169306368,176.0,131747.44
apartment,Distrito Federal,19.384533,-99.183172,120.0,189716.32
house,Distrito Federal,19.317922,-99.236124,350.0,176499.72
house,Estado de México,19.696592,-99.231445,87.0,152000.5
apartment,Distrito Federal,19.3825040623,-99.1580399126,78.0,137017.34
apartment,Distrito Federal,19.401819,-99.184615,75.0,78502.86
house,Puebla,18.998509,-98.179484,200.0,102738.64
apartment,San Luis Potosí,22.1418,-101.027344,114.0,88270.78
house,Yucatán,21.072905,-89.65963,266.0,111721.83
house,Nuevo León,25.6318511,-100.170963,204.0,51644.99
house,Estado de México,19.283869,-99.588992,70.0,57006.77
house,Jalisco,20.532827,-103.483829,155.0,110641.61
house,Morelos,18.918608,-98.941094,247.0,142287.24
apartment,Jalisco,20.649012,-103.448288,88.0,82875.83
house,Yucatán,21.030668,-89.599258,175.0,120944.15
house,Zacatecas,23.634501,-102.552788,170.0,89567.02
apartment,Distrito Federal,19.380937,-99.179545,98.0,197100.13
apartment,Estado de México,19.559799,-99.233795,60.0,34599.16
house,Yucatán,21.072905,-89.65963,127.0,47417.83
house,Distrito Federal,19.367215,-99.222138,180.0,116173.69
house,Puebla,19.044477,-98.328011,326.0,326733.66
house,Veracruz de Ignacio de la Llave,18.134026,-94.476112,210.0,247626.47
house,Veracruz de Ignacio de la Llave,25.572505,-103.425036,330.0,121178.91
house,Estado de México,19.290517,-99.694921,157.0,105372.96
house,Jalisco,20.788616,-103.435217,156.0,123813.23
apartment,Nuevo León,25.6526883,-100.4122654,101.0,160866.42
house,Nuevo León,25.680067,-100.458626,336.0,142253.5
house,Estado de México,19.305643,-98.901535,120.0,42159.18
house,Estado de México,19.684991,-99.225298,60.0,37670.83
house,Yucatán,21.008295,-89.591019,282.0,123052.11
apartment,Guerrero,16.8572859,-99.9089643,130.0,104870.96
house,San Luis Potosí,22.093321,-100.895958,110.0,46840.27
house,Puebla,23.634501,-102.552788,156.0,94835.67
house,San Luis Potosí,22.1387477,-101.0181525,200.0,97469.99
house,Estado de México,19.428043,-99.227384,309.0,306529.96
house,Hidalgo,20.059217,-98.790423,200.0,136984.85
house,Yucatán,21.292982,-89.603973,100.0,139652.29
house,Morelos,18.903454,-99.056687,145.0,89567.02
house,Distrito Federal,19.411699,-99.166247,120.0,230874.8
house,Morelos,18.8917916491,-99.2227220535,183.0,147557.13
house,Yucatán,21.0424858,-89.5568382,107.0,50579.02
apartment,Querétaro,20.711874,-100.448934,140.0,102211.77
apartment,Distrito Federal,19.428152,-99.106194,67.0,79029.72
house,Estado de México,19.234822,-99.559659,115.0,105372.96
house,Estado de México,19.558449,-99.22973,180.0,67965.56
house,Chihuahua,28.652079,-106.109581,227.0,110641.61
house,Nuevo León,25.707024,-100.21376,250.0,110667.85
house,Aguascalientes,21.878481,-102.332787,215.0,136490.35
house,Veracruz de Ignacio de la Llave,19.155567,-96.13928,165.0,60589.45
house,Hidalgo,20.0568798423,-98.7653755526,200.0,68508.67
house,Nuevo León,25.634661,-100.295769,242.0,76413.51
apartment,Distrito Federal,19.367931,-99.170262,120.0,120652.04
house,Distrito Federal,19.360526,-99.301674,220.0,87703.06
house,Distrito Federal,19.464398,-99.113317,304.0,259470.39
house,Puebla,19.01195,-98.219383,385.0,237089.17
apartment,Yucatán,21.2929822,-89.6039725,255.0,236144.12
house,Distrito Federal,19.351396,-99.130999,225.0,237089.17
house,Morelos,18.93409,-99.254997,218.0,143530.93
house,Querétaro,20.6990975,-100.4705682,276.0,131747.44
house,Yucatán,21.030668,-89.599258,100.0,79029.72
house,Yucatán,20.996355,-89.583946,201.0,92223.21
house,Puebla,18.983141,-98.265739,135.0,42149.18
house,Estado de México,19.2826098,-99.6556653,90.0,56387.9
house,Tamaulipas,22.4107891,-97.9342897,176.0,60603.82
house,Tabasco,18.263374,-93.179222,104.0,39514.86
house,Distrito Federal,19.396669,-99.067626,220.0,110050.31
house,Yucatán,21.039522,-89.563911,174.0,65858.1
house,Estado de México,19.545097,-99.21289,233.0,171306.94
apartment,Puebla,19.054064,-98.245911,95.0,84318.36
house,Estado de México,19.62378,-99.199085,153.0,108007.29
house,Sinaloa,23.240411,-106.432565,189.0,63118.4
apartment,Distrito Federal,19.452331,-99.177162,90.0,73234.21
house,Quintana Roo,21.129547,-86.817017,275.0,173865.39
apartment,Distrito Federal,19.342083,-99.0532159,86.0,90115.25
house,Nuevo León,25.702822,-100.304192,148.0,94594.66
house,Veracruz de Ignacio de la Llave,19.563358,-96.939697,110.0,39524.23
house,Veracruz de Ignacio de la Llave,19.205341,-96.197784,130.0,84298.37
house,Yucatán,21.0424858,-89.5568382,185.0,76677.01
apartment,Guerrero,16.829584,-99.9083,154.0,114487.72
house,Querétaro,20.726007,-100.442642,273.0,181811.47
house,San Luis Potosí,23.634501,-102.552788,187.0,94308.8
house,Distrito Federal,19.395069,-99.204927,110.0,84825.23
apartment,Distrito Federal,19.400004,-99.16735,94.0,217911.29
house,Tabasco,17.979631,-92.965249,100.0,65858.1
house,Querétaro,20.5887932,-100.3898881,84.0,49537.03
house,Yucatán,21.006756,-89.570984,162.0,76413.51
house,Yucatán,21.013465,-89.591041,239.0,283558.65
house,Chiapas,19.671066,-101.213341,175.0,92201.34
house,Veracruz de Ignacio de la Llave,18.1495073,-94.4422,200.0,158096.93
house,Nuevo León,25.7418083,-100.4057781,211.0,124501.99
house,Yucatán,20.968147,-89.629875,123.0,41095.45
house,Tamaulipas,22.2621259,-97.8238578,141.0,78502.86
house,Jalisco,20.767952,-103.40899,148.0,96363.57
house,Morelos,18.795519,-99.231445,150.0,67438.69
apartment,Distrito Federal,19.449392,-99.138544,70.0,42676.05
apartment,Quintana Roo,21.1564082129,-86.8488141149,95.0,68508.67
house,Tamaulipas,22.3160889,-97.8884841,165.0,76940.5
apartment,Distrito Federal,19.486255,-99.214043,65.0,46890.97
apartment,Distrito Federal,19.36594,-99.163153,85.0,106848.18
house,Veracruz de Ignacio de la Llave,19.146434,-96.161783,91.0,42149.18
house,Yucatán,21.035221,-89.635757,204.0,93781.94
house,Guerrero,16.8643286803,-99.8879082142,170.0,115937.75
house,Querétaro,20.726007,-100.442642,180.0,109324.45
house,Sinaloa,23.261934,-106.408936,124.0,67702.13
house,Quintana Roo,21.139086,-86.84964,66.0,36880.53
house,Veracruz de Ignacio de la Llave,25.535524,-103.379302,276.0,63223.78
house,Yucatán,21.0043658,-89.5614233,79.0,36889.28
apartment,Distrito Federal,19.364613,-99.161892,70.0,93255.07
apartment,Distrito Federal,19.366505,-99.222297,72.0,64281.19
house,Querétaro,20.6521079,-100.3491545,250.0,144922.18
house,Yucatán,21.0350497573,-89.5990741253,137.0,78995.76
apartment,Distrito Federal,19.354947,-99.087529,65.0,37386.32
house,Yucatán,21.008295,-89.591019,142.0,91169.23
house,Querétaro,20.6476044,-100.35253,150.0,104319.23
house,Yucatán,21.030668,-89.599258,305.0,184182.92
house,Distrito Federal,19.371317,-99.140957,300.0,123981.3
apartment,Veracruz de Ignacio de la Llave,19.1356101,-96.1142685,105.0,50064.02
apartment,Distrito Federal,19.377169,-99.187643,90.0,56514.99
apartment,Distrito Federal,19.381591,-99.165397,124.0,270872.74
house,Yucatán,21.039522,-89.563911,230.0,92223.21
house,Jalisco,20.755833,-103.413251,180.0,144887.83
house,Estado de México,19.27223,-99.575691,300.0,184446.42
apartment,Veracruz de Ignacio de la Llave,19.191416,-96.127518,70.0,62448.28
house,San Luis Potosí,22.121187,-100.951736,154.0,57968.87
house,Tabasco,17.987557,-92.929147,150.0,71126.75
house,Estado de México,19.4653884,-99.5940417,70.0,39524.23
house,Morelos,18.8493694,-98.9479805,250.0,84298.37
house,Yucatán,21.0529434814,-89.6679210663,141.0,62975.27
house,Morelos,18.942068,-99.242531,320.0,289844.37
house,Guerrero,16.808875,-99.821739,104.0,102738.64
apartment,Estado de México,19.531773,-99.245873,174.0,326656.19
house,Tamaulipas,25.860595,-97.504808,212.0,71126.75
house,Guanajuato,21.1666103,-101.6315416,210.0,131716.2
house,Morelos,18.882006,-99.148384,240.0,100104.31
apartment,Puebla,19.002178,-98.271063,87.0,173986.78
house,Estado de México,19.425918,-99.230123,300.0,215222.62
house,Morelos,18.8736789,-99.1922665,257.0,188398.84
house,San Luis Potosí,22.186096,-101.005652,240.0,144887.83
house,Yucatán,21.075163,-89.516731,189.0,86932.69
house,Puebla,18.984862,-98.222234,289.0,226551.88
apartment,Distrito Federal,19.3650311,-99.1477363,83.0,139652.29
apartment,Morelos,18.917393,-99.221062,127.0,57955.13
house,Distrito Federal,19.399375,-99.149986,95.0,246994.23
house,Baja California,32.5622552,-115.3169575,75.0,42149.18
apartment,Distrito Federal,19.452689,-99.117987,60.0,36269.27
house,Distrito Federal,19.336104,-99.101761,70.0,50087.3
house,Zacatecas,23.634501,-102.552788,138.0,63223.78
house,Jalisco,20.567506,-103.48332,149.0,110588.92
house,Nayarit,20.722561,-105.270132,84.0,39514.86
apartment,Distrito Federal,19.3987957,-99.1594498,110.0,274034.68
house,San Luis Potosí,22.1176282971,-101.015124321,380.0,266066.74
house,Yucatán,21.006756,-89.570984,90.0,39462.17
house,Veracruz de Ignacio de la Llave,25.510739,-103.357425,140.0,39514.86
house,Tamaulipas,22.2695545,-97.8750355,140.0,71301.71
house,Estado de México,19.3308425,-99.5817205,140.0,121207.64
house,Estado de México,19.2398293,-99.617673,332.0,242415.29
house,Estado de México,19.4689569,-99.2727792,372.0,144887.83
house,Morelos,18.917542,-98.963181,200.0,131747.44
house,Tabasco,17.9728054562,-92.9515487516,134.0,104343.97
house,Nuevo León,25.79255,-100.274638,159.0,74972.86
apartment,Distrito Federal,19.3928136,-99.1738213,112.0,312957.71
house,Sinaloa,24.804811,-107.46476,95.0,47417.83
house,Aguascalientes,21.905983,-102.286817,157.0,41622.32
house,Morelos,18.900945,-99.232574,279.0,142253.5
house,Tamaulipas,22.2900902,-97.8437788,75.0,34254.33
apartment,Distrito Federal,19.375374,-99.137657,80.0,34077.61
house,Nuevo León,25.660711,-100.289459,222.0,118544.58
apartment,Puebla,19.0206582554,-98.2238459587,100.0,103606.19
house,Yucatán,20.9608384839,-89.6215687395,160.0,52159.61
apartment,Distrito Federal,19.409369,-99.171906,83.0,263494.89
house,Nuevo León,25.7584835,-100.4052434,131.0,92023.21
house,Nuevo León,25.712547,-100.249496,210.0,83000.89
house,Yucatán,21.0511962595,-89.5385822654,168.0,80112.98
house,Puebla,19.0927640219,-98.2267805468,100.0,51644.99
house,Jalisco,20.792152,-103.475021,104.0,39514.86
house,Guanajuato,21.121012,-101.600136,207.0,121207.64
house,San Luis Potosí,22.1830772497,-101.0302325338,92.0,34781.32
apartment,Distrito Federal,19.404032,-99.179694,103.0,209902.95
house,Morelos,18.814863,-99.211439,97.0,68492.42
apartment,Distrito Federal,19.368544,-99.163605,105.0,284507.01
house,Puebla,19.0550344,-98.2731403,330.0,189716.32
house,Yucatán,21.0430781672,-89.551603049,190.0,89061.27
house,Estado de México,19.699144,-98.978363,180.0,68492.42
apartment,Distrito Federal,19.341894,-99.224525,96.0,156958.3
house,Querétaro,20.596285,-100.357695,300.0,144887.83
apartment,Puebla,19.035632,-98.223132,92.0,109587.88
house,Puebla,19.0217424,-98.2604216,215.0,155461.98
house,Chiapas,19.987465,-102.284888,330.0,210745.93
apartment,Morelos,18.957352,-99.260544,76.0,52698.97
house,Morelos,18.845494,-99.20547,136.0,71765.83
apartment,Distrito Federal,19.366901,-99.297272,65.0,109387.67
house,San Luis Potosí,22.1840801528,-101.0286072441,110.0,39830.98
house,Estado de México,19.615452,-99.206348,70.0,47681.26
house,Estado de México,19.590134,-99.280419,100.0,44783.51
house,Distrito Federal,19.473907,-99.177444,320.0,91042.24
house,San Luis Potosí,22.149093,-100.889863,180.0,45321.12
house,Estado de México,19.641889,-99.1774462,250.0,79048.46
house,Veracruz de Ignacio de la Llave,19.089373,-96.130805,168.0,94835.67
house,Querétaro,20.606224,-100.329168,165.0,97469.99
house,Yucatán,21.001256,-89.600723,325.0,183296.27
apartment,Nuevo León,25.7302897,-100.3965403,160.0,104497.22
house,Puebla,19.004742,-98.235992,180.0,63223.78
house,Morelos,18.920158,-99.180214,85.0,48734.99
house,Morelos,18.916586,-99.214371,272.0,262967.9
house,Puebla,19.063091,-98.296013,252.0,130873.22
apartment,Distrito Federal,19.371321,-99.140985,84.0,93465.82
apartment,Puebla,19.0378006,-98.3007086,120.0,166001.78
apartment,Distrito Federal,19.362824,-99.266178,162.0,210745.93
house,Chiapas,16.780325,-93.119637,180.0,105372.96
house,Yucatán,21.039522,-89.563911,178.0,60076.83
apartment,Distrito Federal,19.465454,-99.162665,69.0,75375.18
house,Jalisco,20.700756,-103.333385,300.0,94308.8
house,Baja California Sur,22.886851,-109.946872,94.0,50485.62
house,Querétaro,20.549404,-100.378563,110.0,76395.4
house,Distrito Federal,19.353288,-99.244721,150.0,136405.3
house,Estado de México,19.278994,-99.559006,136.0,89567.02
house,Puebla,18.985191,-98.186447,148.0,105372.96
apartment,Jalisco,20.67603,-103.425418,125.0,157479.9
apartment,Guerrero,16.8763009074,-99.8829327151,88.0,39260.73
house,Nayarit,21.525436,-104.923553,115.0,47429.08
apartment,Chiapas,16.748743,-93.066491,73.0,43202.91
apartment,Distrito Federal,19.432657,-99.177444,150.0,135085.08
house,Querétaro,20.618279,-100.346985,160.0,99601.06
house,Estado de México,19.72876,-99.461708,236.0,237145.4
house,Veracruz de Ignacio de la Llave,25.51506,-103.413092,230.0,44783.51
house,Querétaro,20.419854,-99.998039,89.0,40568.59
house,Morelos,18.804197,-98.932816,117.0,65858.1
apartment,San Luis Potosí,22.133104,-100.982117,100.0,53740.21
apartment,Distrito Federal,19.400249,-99.177444,150.0,273969.71
house,Yucatán,21.03071,-89.618103,382.0,223970.65
house,Jalisco,20.649154,-105.202538,90.0,33719.34
house,Baja California,32.426032,-117.033916,140.0,62570.46
house,Tamaulipas,26.058614,-98.322969,252.0,66933.76
house,Veracruz de Ignacio de la Llave,25.599048,-103.412397,189.0,64277.51
house,Baja California Sur,24.129181,-110.31971,110.0,68492.42
house,Tamaulipas,22.238298,-97.841892,200.0,110641.61
house,Puebla,19.046561,-98.190349,110.0,100735.92
apartment,Distrito Federal,19.451872,-99.173522,70.0,66911.83
house,Estado de México,19.253367,-99.606303,260.0,324021.87
house,Sonora,29.0287123,-110.97103,200.0,47417.83
apartment,Distrito Federal,19.4556947061,-99.1635761259,76.0,121355.2
house,Jalisco,20.7670434,-103.3941011,195.0,135931.12
apartment,Distrito Federal,19.336195,-99.23692,100.0,74920.17
house,San Luis Potosí,22.1564699,-100.9855409,110.0,39524.23
house,Yucatán,21.0634817,-89.6110378,296.0,137017.34
house,Yucatán,21.135925,-89.6446768,200.0,79029.72
house,Querétaro,20.547818,-100.407691,80.0,51632.75
house,Morelos,18.954132,-99.266083,210.0,86932.69
house,Quintana Roo,21.152508,-86.850891,180.0,89040.15
house,Morelos,18.882725,-99.163605,112.0,86953.31
house,Tabasco,17.97423,-92.923836,60.0,34246.21
house,Chiapas,16.740764,-93.089951,148.0,84298.37
house,Nuevo León,25.764894,-100.264221,160.0,65858.1
apartment,Querétaro,20.60782,-100.366721,110.0,131716.2
house,Distrito Federal,19.469688,-99.085456,248.0,176541.57
apartment,Distrito Federal,19.2711236877,-99.2088389397,72.0,40645.77
apartment,Jalisco,20.723133,-103.418115,84.0,178080.31
house,Chiapas,16.76764,-93.178283,250.0,173865.39
house,Yucatán,20.9673702,-89.5925857,290.0,123315.6
house,Yucatán,21.017197,-89.574516,158.0,102763.0
house,Morelos,18.862602,-99.213448,320.0,173906.62
house,Veracruz de Ignacio de la Llave,19.123617,-96.113161,220.0,99577.45
house,Distrito Federal,19.355938,-99.129918,200.0,315618.38
house,Baja California Sur,19.35913,-98.983431,189.0,62696.91
house,Yucatán,20.989016,-89.632225,300.0,131747.44
house,Veracruz de Ignacio de la Llave,25.453195,-100.935486,203.0,94818.28
house,Yucatán,20.938659,-89.615316,173.0,50052.15
house,Tamaulipas,22.270658,-97.849037,263.0,176541.57
house,Chiapas,16.78141,-93.096451,87.0,51381.5
house,Chiapas,19.691938,-101.176615,220.0,155425.12
house,Estado de México,19.64079,-99.098691,105.0,68492.42
apartment,Puebla,19.011347,-98.246264,139.0,179134.04
house,Jalisco,20.647029,-103.454953,122.0,77975.99
house,Morelos,18.905066,-99.224869,120.0,121178.91
house,Veracruz de Ignacio de la Llave,19.0668128782,-96.0734760761,271.0,173865.39
house,Querétaro,20.705742,-100.444016,350.0,184446.42
house,Estado de México,19.54323,-99.222374,181.0,154950.94
house,Sinaloa,24.8090649,-107.3940117,212.0,112222.21
house,Tamaulipas,25.872879,-97.509221,287.0,115910.26
house,Distrito Federal,19.373264,-99.104161,250.0,135430.6
apartment,Distrito Federal,19.383952,-99.160229,100.0,174140.42
house,Chiapas,16.757278,-93.134056,298.0,181084.17
house,Tamaulipas,22.320061,-97.86808,67.0,35835.3
house,Guanajuato,20.5834364154,-101.1981904507,180.0,131747.44
apartment,Distrito Federal,19.396018,-99.147827,80.0,183989.52
house,Chiapas,19.646418,-101.238213,153.0,97469.99
house,Estado de México,19.5896123,-99.2907617,60.0,34254.33
house,Querétaro,20.631845,-100.390495,315.0,237089.17
house,Baja California Sur,24.083153,-110.303329,65.0,33358.45
house,Veracruz de Ignacio de la Llave,19.144342,-96.139002,140.0,68492.42
house,Estado de México,19.272027,-99.553293,107.0,71653.61
house,Hidalgo,20.1010608,-98.7591311,320.0,192305.66
house,Veracruz de Ignacio de la Llave,18.1495449022,-94.5140772966,104.0,57955.13
apartment,Distrito Federal,19.333901,-99.240356,85.0,179134.04
apartment,Distrito Federal,19.390031,-99.174182,108.0,209692.2
house,Nuevo León,25.781807,-100.187794,155.0,65858.1
house,Querétaro,20.7012562,-100.4654217,295.0,187081.37
apartment,Distrito Federal,19.365834,-99.263505,126.0,180187.77
house,Yucatán,20.9637793,-89.6612548,249.0,44783.51
apartment,Estado de México,19.404701,-99.292419,300.0,284047.49
house,Veracruz de Ignacio de la Llave,18.879525,-96.921847,123.0,55320.8
house,Puebla,18.978682,-98.250015,162.0,88513.29
house,Querétaro,20.6205869,-100.388042,322.0,209955.63
apartment,Nuevo León,25.654263,-100.297874,114.0,55333.92
house,Estado de México,19.180459,-99.590174,175.0,134382.39
apartment,Durango,24.010702,-104.613602,88.0,43213.16
apartment,Distrito Federal,19.474655,-99.189277,60.0,40041.72
apartment,Querétaro,20.65449,-100.384446,160.0,250320.14
house,Veracruz de Ignacio de la Llave,25.569556,-103.383702,244.0,101158.04
house,Morelos,18.813505,-98.953514,66.0,34246.21
house,Quintana Roo,21.118165,-86.880921,189.0,118544.58
apartment,Tabasco,17.972448,-92.960579,104.0,57968.87
house,Veracruz de Ignacio de la Llave,19.165146,-96.160652,220.0,139619.18
apartment,Distrito Federal,19.3499358,-99.2906864,78.0,147557.13
apartment,Estado de México,19.402713,-99.27547,130.0,101196.61
house,Morelos,18.948109,-99.26886,200.0,155461.98
house,Querétaro,20.5887932,-100.3898881,334.0,279238.36
apartment,Distrito Federal,19.406592,-99.155442,90.0,224660.17
house,Nuevo León,25.677525,-100.258614,257.0,115937.75
house,Distrito Federal,19.318989,-99.094437,100.0,98523.72
house,Querétaro,20.712143,-100.454275,230.0,152790.8
house,Yucatán,21.01429,-89.605148,280.0,144922.18
house,Veracruz de Ignacio de la Llave,19.532306,-96.897717,100.0,60589.45
house,Veracruz de Ignacio de la Llave,19.173773,-96.1342241,160.0,52686.48
house,Veracruz de Ignacio de la Llave,19.139896,-96.109911,163.0,68492.42
house,Baja California,32.665619,-115.433372,134.0,133442.74
house,Tamaulipas,22.270658,-97.849037,93.0,65873.72
house,Yucatán,21.021821,-89.634346,235.0,110641.61
apartment,Querétaro,20.5887932,-100.3898881,178.0,316118.9
house,Veracruz de Ignacio de la Llave,19.142568,-96.125389,214.0,92728.21
house,Morelos,18.970675,-99.288261,333.0,156742.28
house,Morelos,18.813505,-98.953514,90.0,52686.48
house,Sonora,27.492618,-109.960496,270.0,147522.15
house,Quintana Roo,20.65593,-87.05368,210.0,225024.63
house,Baja California Sur,24.143626,-110.336274,180.0,226551.88
house,Guerrero,16.841759,-99.847374,97.0,67981.68
apartment,Veracruz de Ignacio de la Llave,19.125867,-96.106026,189.0,279238.36
house,Chihuahua,23.634501,-102.552788,200.0,42149.18
house,Jalisco,20.6081524999,-103.3946675062,150.0,43993.21
apartment,Yucatán,21.029198,-89.607506,200.0,139619.18
house,Morelos,18.927336,-99.213448,145.0,121178.91
house,Veracruz de Ignacio de la Llave,25.439677,-100.946717,172.0,90589.54
apartment,Distrito Federal,19.472481,-99.182374,75.0,80635.87
house,Estado de México,19.514382,-99.258682,150.0,77325.47
house,Distrito Federal,19.325355,-99.232561,136.0,306635.33
house,Yucatán,21.072905,-89.65963,250.0,110641.61
house,San Luis Potosí,22.14691,-101.038651,245.0,144922.18
house,Morelos,18.879347,-99.179871,184.0,136984.85
house,Tabasco,18.0341023227,-92.9841993784,161.0,125950.55
house,Morelos,23.634501,-102.552788,338.0,147522.15
house,Puebla,18.921051,-98.417053,116.0,91463.73
house,Puebla,19.014643,-98.170731,140.0,89588.26
house,Morelos,18.858107,-99.200287,78.0,34246.21
house,Morelos,18.945309,-99.22372,380.0,263432.41
house,Yucatán,21.0381057,-89.5933722,213.0,118572.7
apartment,Distrito Federal,19.474655,-99.189277,70.0,50064.02
house,Yucatán,21.072905,-89.65963,200.0,102763.0
house,Veracruz de Ignacio de la Llave,25.531834,-103.315276,150.0,41105.2
apartment,Nuevo León,25.651072,-100.342773,92.0,208160.96
house,Estado de México,19.499864,-99.050138,175.0,100104.31
house,Estado de México,19.555771,-99.248612,200.0,94256.11
house,San Luis Potosí,22.157743,-100.94397,225.0,75078.23
house,Nuevo León,25.6769684,-100.4508956,107.0,50052.15
house,San Luis Potosí,22.1470009295,-101.0172995925,160.0,109587.88
house,Guerrero,16.85678,-99.853204,280.0,200208.63
apartment,Estado de México,19.424913,-99.271629,69.0,57422.47
house,Estado de México,19.5496674785,-99.0165393054,90.0,50052.15
house,Guerrero,16.867283,-99.867119,150.0,139619.18
house,Morelos,18.811808,-98.94649,100.0,47417.83
apartment,Distrito Federal,19.396502,-99.128797,80.0,39946.36
apartment,Yucatán,21.017197,-89.574516,66.0,83771.5
house,Hidalgo,20.0649913245,-98.7680017948,100.0,57955.13
house,Tamaulipas,22.266645,-97.870796,296.0,210745.93
house,Estado de México,18.948179,-99.482277,170.0,131716.2
apartment,Yucatán,21.3421022,-89.2624626,202.0,210743.21
house,Puebla,19.044477,-98.328011,235.0,168636.73
house,Chihuahua,28.6556674,-106.0711926,159.0,68205.43
house,Distrito Federal,19.2826778,-99.2090757,161.0,144887.83
apartment,Distrito Federal,19.48888,-99.179278,70.0,51393.55
house,Chiapas,16.732222,-93.135307,240.0,131716.2
house,Veracruz de Ignacio de la Llave,23.634501,-102.552788,205.0,78766.29
house,Yucatán,21.0381057,-89.5933722,165.0,100075.35
apartment,Guerrero,16.801018,-99.824979,98.0,99577.45
house,Estado de México,19.6850991,-99.2113669,62.0,37943.26
house,Morelos,18.9212022,-99.1739857,125.0,62184.79
house,Yucatán,21.030668,-89.599258,320.0,189663.62
apartment,Puebla,18.9678552823,-98.2848708631,127.0,176979.24
house,Nuevo León,25.723516,-100.393311,365.0,242415.29
house,Yucatán,21.0151423,-89.6551671,180.0,68245.17
apartment,Quintana Roo,21.1359373912,-86.7675390242,84.0,84318.36
house,Morelos,18.891859,-99.187134,320.0,210795.91
apartment,Sinaloa,23.261248,-106.459885,61.0,40568.59
apartment,Distrito Federal,19.364891,-99.148384,62.0,84318.36
apartment,Distrito Federal,19.426528,-99.196279,60.0,218648.9
apartment,Estado de México,19.369319,-99.293444,150.0,128098.38
apartment,Chiapas,16.745249,-93.152699,73.0,43202.91
apartment,Distrito Federal,19.434723,-99.175887,80.0,131768.89
apartment,Distrito Federal,19.449392,-99.138544,65.0,42676.05
house,Estado de México,19.55134,-99.233528,260.0,316118.9
house,Querétaro,20.607178,-100.335754,104.0,77975.99
house,San Luis Potosí,22.1648322115,-100.9765219688,125.0,51644.99
house,San Luis Potosí,22.1664458833,-100.9547920559,140.0,51644.99
house,Chiapas,16.771928,-93.105578,200.0,110667.85
house,Tamaulipas,22.246319,-97.86264,163.0,113302.8
house,Distrito Federal,19.365175,-99.230064,270.0,150683.34
apartment,Estado de México,19.379597,-99.293808,155.0,236091.42
house,Tlaxcala,19.312792,-98.216515,159.0,79029.72
house,Querétaro,23.634501,-102.552788,145.0,72707.34
house,Yucatán,21.039522,-89.563911,186.0,99577.45
house,San Luis Potosí,22.175159,-100.979996,188.0,72197.6
house,Puebla,19.1105571397,-98.2800516486,120.0,65858.1
house,Estado de México,19.64443,-99.098587,75.0,37943.26
house,Veracruz de Ignacio de la Llave,25.502705,-103.408554,190.0,42969.88
house,Veracruz de Ignacio de la Llave,25.461545,-100.883958,170.0,124340.1
apartment,Distrito Federal,19.478815,-99.196831,64.0,76395.4
house,Querétaro,20.611304,-100.386343,360.0,268701.06
house,Veracruz de Ignacio de la Llave,19.178049,-96.128845,160.0,84298.37
house,Veracruz de Ignacio de la Llave,20.955351,-97.404341,150.0,43729.78
house,Sonora,29.07683,-110.9871743,309.0,189716.32
apartment,Guerrero,23.634501,-102.552788,178.0,237145.4
house,Yucatán,21.039522,-89.563911,215.0,98656.43
house,Nuevo León,25.7431730317,-100.3723396361,138.0,53225.96
apartment,Morelos,18.9701939816,-99.2423853278,117.0,123813.23
house,Aguascalientes,21.8893042472,-102.2563044727,198.0,41105.2
apartment,Distrito Federal,19.298168,-99.113106,83.0,177695.7
house,Chiapas,16.734992,-93.102641,121.0,83771.5
house,Nuevo León,25.701321,-100.457924,164.0,47417.83
house,Aguascalientes,21.88585,-102.294085,185.0,142253.5
house,Jalisco,20.618633,-103.387465,150.0,73761.07
house,Nuevo León,25.6738201627,-100.3135946987,120.0,79048.46
house,Morelos,18.942068,-99.242531,200.0,184446.42
house,Querétaro,20.700323,-100.472563,269.0,147522.15
house,Veracruz de Ignacio de la Llave,25.558393,-103.385429,113.0,44941.57
house,Nuevo León,25.580088,-100.239685,234.0,201310.09
house,Sinaloa,23.283125,-106.406723,192.0,47417.83
house,Chiapas,16.752182,-93.088427,184.0,79029.72
apartment,Distrito Federal,19.3880398,-99.1695793,100.0,113302.8
house,San Luis Potosí,22.14691,-101.038651,150.0,81664.04
house,Morelos,18.936026,-99.216217,286.0,209692.2
house,Distrito Federal,19.328833,-99.133163,140.0,123813.23
house,Distrito Federal,19.455385,-99.209835,216.0,84318.36
house,Puebla,19.071239,-98.273949,240.0,126447.56
house,Estado de México,19.501955,-99.226952,196.0,226551.88
house,Morelos,18.866121,-99.231445,180.0,147522.15
house,Querétaro,20.726007,-100.442642,330.0,194986.21
house,Yucatán,21.075163,-89.516731,192.0,92542.77
house,Tlaxcala,19.435802,-98.10286,135.0,41095.45
house,Yucatán,20.9731555,-89.6229189,250.0,84318.36
house,Estado de México,19.159458,-99.565956,79.0,37943.26
house,Puebla,19.0412967,-98.2061996,109.0,36889.28
house,Sinaloa,24.817956,-107.434033,146.0,64804.37
apartment,Sinaloa,23.299184,-106.481557,230.0,269754.79
apartment,Distrito Federal,19.36243,-99.176957,70.0,40568.59
apartment,Distrito Federal,19.390062,-99.192293,64.0,94858.16
house,Nuevo León,25.7581963,-100.2665026,135.0,79029.72
house,Querétaro,20.556261,-100.370035,112.0,90620.75
house,Chiapas,16.744808,-93.179222,350.0,147557.13
house,Yucatán,21.0259468647,-89.584236145,264.0,149928.59
apartment,Quintana Roo,21.1500747207,-86.8316459656,165.0,121178.91
house,Chiapas,16.734121,-92.626991,100.0,84298.37
house,Querétaro,20.705742,-100.444016,223.0,137017.34
apartment,Distrito Federal,19.400731,-99.125466,80.0,68070.93
apartment,Distrito Federal,19.33923,-99.218987,83.0,147522.15
apartment,Distrito Federal,19.365383,-99.16507,81.0,161826.53
house,Yucatán,21.030668,-89.599258,350.0,221283.23
house,Morelos,18.864874,-98.925911,60.0,34246.21
apartment,Distrito Federal,19.463009,-99.131106,81.0,102738.64
house,Yucatán,21.3085667381,-89.5303344727,380.0,210795.91
house,Distrito Federal,19.33427,-99.083374,100.0,68492.42
apartment,Distrito Federal,19.499434,-99.111916,85.0,112402.96
apartment,Distrito Federal,19.380937,-99.179545,98.0,197146.87
house,Yucatán,21.006866,-89.618103,305.0,168596.74
house,Veracruz de Ignacio de la Llave,19.109777,-96.106922,240.0,168596.74
house,Baja California,32.459403,-116.880827,114.0,73761.07
house,Puebla,19.101185,-98.357062,90.0,42149.18
house,Querétaro,20.394361,-99.973053,354.0,115910.26
house,Yucatán,21.065001,-89.6239875,155.0,71143.62
house,Querétaro,20.646841,-100.376117,86.0,45310.37
house,Morelos,18.897581,-99.07093,306.0,208160.96
house,Yucatán,21.072905,-89.65963,171.0,94278.47
house,Morelos,18.917542,-98.963181,182.0,97469.99
house,Veracruz de Ignacio de la Llave,20.948336,-97.362764,100.0,54267.07
apartment,Distrito Federal,19.396018,-99.147827,70.0,183989.47
house,Puebla,19.051815,-98.277669,198.0,115910.26
apartment,Distrito Federal,19.309208,-99.171906,70.0,77572.89
house,Yucatán,21.0506531,-89.5588406,334.0,137017.34
house,Yucatán,21.3437962237,-89.262059927,130.0,110404.35
house,Querétaro,20.587378,-100.418361,106.0,56637.97
apartment,Nuevo León,25.721081,-100.345581,72.0,68421.05
house,Morelos,23.634501,-102.552788,360.0,278947.37
apartment,Estado de México,19.2720402,-99.572013,85.0,65789.47
house,San Luis Potosí,22.1388821177,-100.9965100633,158.0,111578.95
apartment,Distrito Federal,19.394558,-99.129707,65.0,39904.74
house,Veracruz de Ignacio de la Llave,19.1680666,-96.160663,100.0,
apartment,Distrito Federal,19.3261962968,-99.140586108,74.0,
house,Yucatán,21.0552216,-89.6583682,220.0,
house,Chihuahua,28.691416,-106.13604,236.0,
apartment,Jalisco,20.641428,-103.417295,85.0,
house,San Luis Potosí,22.126078,-100.944672,131.0,
house,Puebla,19.0364236166,-98.1994184107,337.0,
apartment,Distrito Federal,19.367239,-99.186126,92.0,
apartment,Guerrero,16.851935,-99.844955,195.0,
house,Veracruz de Ignacio de la Llave,19.153019,-96.12487,207.0,
house,Nuevo León,25.7501328883,-100.2701137385,280.0,
apartment,Estado de México,19.536253,-99.240456,99.0,
house,Chiapas,19.673779,-101.187927,210.0,
house,Baja California,32.4690603,-116.8196303,111.0,
house,Yucatán,21.030771,-89.646347,150.0,
house,Chiapas,16.717077,-93.162903,170.0,
house,Morelos,18.813908,-99.201675,86.0,
apartment,Distrito Federal,19.473001,-99.087491,79.0,
house,Yucatán,21.072905,-89.65963,190.0,
house,Querétaro,20.618279,-100.346985,237.0,
house,Yucatán,21.075163,-89.516731,300.0,
house,Guerrero,16.8659727494,-99.8717173934,300.0,
house,Veracruz de Ignacio de la Llave,25.582705,-103.376805,232.0,
house,Yucatán,21.017197,-89.574516,220.0,
house,Hidalgo,20.036614,-98.77615,295.0,
house,Yucatán,21.0399331,-89.5965747,240.0,
house,Morelos,18.893921,-99.221429,160.0,
house,Veracruz de Ignacio de la Llave,25.545829,-103.38708,115.0,
house,Quintana Roo,21.139086,-86.84964,290.0,
house,Chiapas,19.681248,-101.209167,180.0,
apartment,Distrito Federal,19.271467,-99.146309,98.0,
house,Chiapas,19.724886,-101.118018,120.0,
house,Estado de México,19.420156,-99.249458,378.0,
house,Guanajuato,20.684505,-101.406695,280.0,
house,Puebla,18.984862,-98.222234,299.0,
house,Distrito Federal,19.289286,-99.158066,140.0,
house,San Luis Potosí,22.150696,-101.010025,172.0,
apartment,Distrito Federal,19.444924,-99.139843,60.0,
house,Tabasco,18.017324,-92.899362,98.0,
house,Puebla,19.014643,-98.170731,286.0,
house,Tamaulipas,22.258686,-97.851753,163.0,
house,Distrito Federal,19.378482,-99.220795,100.0,
house,Morelos,18.93409,-99.254997,240.0,
house,Yucatán,21.0315095,-89.600513,325.0,
apartment,Yucatán,21.072905,-89.65963,190.0,
apartment,Morelos,18.923538,-99.241848,110.0,
house,Querétaro,20.681293,-100.329622,155.0,
house,Morelos,18.821062,-98.949371,120.0,
apartment,Guerrero,16.8531086,-99.8236533,141.0,
apartment,Puebla,19.049024,-98.281669,127.0,
house,Tamaulipas,22.3400533557,-97.8860995173,165.0,
house,Morelos,18.862602,-99.213448,145.0,
apartment,Yucatán,21.018724,-89.589836,60.0,
house,Jalisco,20.569456,-103.50165,176.0,
apartment,Distrito Federal,19.3934457,-99.1796926,100.0,
apartment,Distrito Federal,19.436024,-99.15461,64.0,
apartment,Distrito Federal,19.378009,-99.193543,180.0,
apartment,Distrito Federal,19.416294,-99.16748,117.0,
house,Morelos,18.859078,-99.176287,82.0,
house,Querétaro,20.692161,-100.465025,258.0,
house,Querétaro,20.394361,-99.973053,120.0,
house,Baja California,32.453504,-117.038495,111.0,
house,Tabasco,23.634501,-102.552788,82.0,
house,Estado de México,19.619862,-99.146996,75.0,
house,Hidalgo,20.059035,-98.790359,240.0,
house,Estado de México,19.468129,-99.04049,86.0,
house,Yucatán,21.0424858,-89.5568382,200.0,
house,Guerrero,16.758369,-99.768737,136.0,
house,Nuevo León,25.6315927,-100.1953926,90.0,
apartment,Quintana Roo,21.1595877395,-86.8222086132,145.0,
apartment,Guerrero,16.860338,-99.870399,250.0,
apartment,Guerrero,16.8665658191,-99.8808288574,108.0,
apartment,Jalisco,20.685983,-103.447155,64.0,
house,Yucatán,21.0751632,-89.5167298,252.0,
apartment,Distrito Federal,19.376822,-99.174675,114.0,
apartment,Puebla,19.0303511,-98.3143192,102.0,
house,Distrito Federal,19.433274,-99.210758,304.0,
apartment,Distrito Federal,19.394358,-99.177444,100.0,
house,Yucatán,21.039522,-89.563911,146.0,
house,Morelos,18.8954874,-99.1732936,154.0,
house,Puebla,18.984862,-98.222234,289.0,
house,Yucatán,21.072905,-89.65963,90.0,
house,Morelos,18.813908,-99.201675,67.0,
house,Jalisco,20.424117,-103.29756,299.0,
house,Yucatán,21.0381057,-89.5933722,182.0,
house,Estado de México,19.2828302502,-99.566673518,267.0,
house,Chihuahua,28.6464221,-106.0860628,233.0,
apartment,Estado de México,19.5652097,-99.2646998,87.0,
house,Estado de México,19.284855,-98.950752,80.0,
house,Nayarit,20.70506,-105.269812,101.0,
house,Distrito Federal,19.2753576,-99.1675547,370.0,
apartment,Veracruz de Ignacio de la Llave,19.137135,-96.112946,110.0,
house,Jalisco,20.675995,-103.420837,220.0,
house,Tamaulipas,22.3151894,-97.8573594,318.0,
apartment,Distrito Federal,19.436404,-99.173617,70.0,
house,Quintana Roo,21.095711,-86.869343,147.0,
house,Baja California,32.509445,-116.985857,104.0,
house,Jalisco,20.616705,-103.413612,105.0,
house,Sinaloa,23.215713,-106.418182,315.0,
house,Yucatán,21.039522,-89.563911,277.0,
house,Yucatán,21.072905,-89.65963,240.0,
house,Yucatán,21.072905,-89.65963,201.0,
apartment,Yucatán,21.015982,-89.705116,172.0,
apartment,San Luis Potosí,22.125907517,-100.9865534306,103.0,
house,Querétaro,20.547674,-100.394761,110.0,
apartment,Jalisco,20.677448,-103.400405,135.0,
house,Veracruz de Ignacio de la Llave,20.9638852,-97.4124504,88.0,
apartment,Distrito Federal,19.4034054,-99.1825418,120.0,
house,Querétaro,20.3951106,-99.9856344,180.0,
house,Estado de México,19.536936,-99.22732,270.0,
apartment,Distrito Federal,19.453142,-99.180214,68.0,
house,Veracruz de Ignacio de la Llave,19.1496682663,-96.1202859879,150.0,
house,Distrito Federal,19.3434214,-99.1294848,280.0,
house,Hidalgo,20.099826,-98.772656,140.0,
house,Distrito Federal,19.473623,-99.124863,147.0,
apartment,Querétaro,20.5835963,-100.3729496,144.0,
house,Puebla,23.634501,-102.552788,173.0,
house,Querétaro,20.5878757635,-100.4464960098,111.0,
house,Colima,19.232695,-103.696887,189.0,
apartment,Baja California,32.440475,-116.983772,70.0,
house,Veracruz de Ignacio de la Llave,19.513165,-96.898109,130.0,
house,Hidalgo,23.634501,-102.552784,140.0,
house,Chihuahua,28.6983446,-106.0940375,350.0,
house,Sinaloa,24.770091,-107.444782,155.0,
house,Tamaulipas,26.078394,-98.325452,80.0,
house,Sonora,28.9547958912,-111.0455946252,206.0,
house,Nuevo León,25.626854,-100.188538,170.0,
house,Querétaro,20.662301,-100.441093,235.0,
apartment,Quintana Roo,21.0498059839,-86.8535878365,178.0,
house,Chiapas,16.740425,-93.12841,170.0,
apartment,Distrito Federal,19.395097,-99.150424,65.0,
apartment,Morelos,18.960824,-99.268107,92.0,
house,Querétaro,20.7037,-100.462857,220.0,
house,Chihuahua,28.64073,-106.109581,300.0,
apartment,Distrito Federal,19.305233,-99.12269,75.0,
apartment,Estado de México,19.379597,-99.293808,80.0,
house,Estado de México,19.2618397109,-99.5839350622,195.0,
apartment,Distrito Federal,19.2753576,-99.1675547,101.0,
house,Durango,25.553129,-103.510059,187.0,
apartment,Morelos,18.93409,-99.254997,130.0,
house,Distrito Federal,19.346687,-99.011513,115.0,
house,Guerrero,16.838398,-99.897744,113.0,
house,Estado de México,19.482168,-99.264038,140.0,
house,Sinaloa,24.8427771,-107.3931108,117.0,
house,Quintana Roo,21.101317,-86.862888,182.0,
house,Quintana Roo,21.164147,-86.868479,330.0,
apartment,Nuevo León,25.647146,-100.356804,100.0,
house,Nuevo León,25.6442345726,-100.2966356277,228.0,
house,Sonora,29.0904798,-110.9747137,298.0,
house,Baja California Sur,24.1596323322,-110.3057599068,96.0,
house,Jalisco,20.784784,-103.471496,79.0,
house,Tamaulipas,22.2465535,-97.8721436,109.0,
house,Estado de México,19.569101,-99.303513,180.0,
house,Yucatán,21.039522,-89.563911,214.0,
house,Querétaro,20.555649,-100.38488,325.0,
apartment,Distrito Federal,19.405298,-99.164986,74.0,
apartment,Distrito Federal,19.258038,-99.161589,160.0,
house,Morelos,18.823669,-99.227295,165.0,
apartment,Distrito Federal,19.377171,-99.188503,75.0,
house,Yucatán,21.017197,-89.574516,206.0,
house,Morelos,18.892714,-99.1996,90.0,
house,Estado de México,19.636706,-99.101569,250.0,
house,Yucatán,21.039522,-89.563911,274.0,
house,Veracruz de Ignacio de la Llave,18.134026,-94.476112,235.0,
house,Yucatán,21.0767191798,-89.6277563274,155.0,
apartment,Distrito Federal,19.401509,-99.154034,90.0,
house,Tabasco,18.072582,-93.165413,350.0,
house,Yucatán,21.072905,-89.65963,190.0,
house,Tamaulipas,22.247913,-97.875565,263.0,
house,San Luis Potosí,22.148722,-101.00119,190.0,
house,Baja California,32.494743,-117.016784,92.0,
house,San Luis Potosí,22.1897892283,-100.9525537491,138.0,
house,Puebla,18.962954561,-98.2796788216,222.0,
house,Morelos,18.8859084,-99.19064,110.0,
house,Chihuahua,28.643902,-106.130157,355.0,
apartment,Distrito Federal,19.347683,-99.165877,135.0,
apartment,Distrito Federal,19.375374,-99.137657,110.0,
house,Distrito Federal,19.52395,-99.152881,95.0,
house,Guerrero,16.757619,-99.767532,140.0,
house,Yucatán,21.075163,-89.516731,197.0,
house,Puebla,19.02038,-98.207626,380.0,
house,Aguascalientes,21.9243493,-102.2833909,140.0,
house,Quintana Roo,21.1351429,-86.837489,80.0,
apartment,Distrito Federal,19.39365,-99.14769,75.0,
house,Nuevo León,25.733049,-100.22847,200.0,
house,Baja California Sur,24.141701,-110.347267,275.0,
house,Jalisco,20.579091,-103.430379,164.0,
house,Nuevo León,25.731798,-100.349091,180.0,
house,Estado de México,19.672207,-99.015656,122.0,
apartment,Estado de México,19.401066,-99.277168,190.0,
house,Yucatán,21.00227,-89.5650908,131.0,
house,Quintana Roo,20.680066,-87.038345,208.0,
apartment,Guerrero,16.864830635,-99.8752605915,61.0,
house,Jalisco,20.760167,-103.379168,83.0,
house,Yucatán,21.0283803657,-89.564639926,174.0,
house,Tlaxcala,19.341597,-98.215828,180.0,
house,Veracruz de Ignacio de la Llave,25.596904,-103.4203,118.0,
house,Chiapas,19.665554,-101.235738,115.0,
house,Estado de México,19.650003,-99.220367,245.0,
house,Nuevo León,25.7708161,-100.4340179,100.0,
house,Tamaulipas,22.2331041,-97.861099,130.0,
house,Nuevo León,25.723276,-100.401518,278.0,
house,Puebla,19.044477,-98.328011,260.0,
house,Estado de México,19.562922,-99.254974,120.0,
apartment,Nuevo León,25.580088,-100.239685,130.0,
house,Puebla,19.055344,-98.212046,146.0,
house,Morelos,23.634501,-102.552788,290.0,
apartment,Distrito Federal,19.34189,-99.166374,80.0,
house,Estado de México,19.404718,-99.263313,139.0,
house,Querétaro,20.675023,-100.457086,304.0,
house,Estado de México,19.532259,-99.23214,220.0,
house,Tamaulipas,22.313122,-97.858559,193.0,
house,Tamaulipas,22.2927530261,-97.8906248519,88.0,
house,Morelos,18.864874,-98.925911,130.0,
house,Querétaro,20.726007,-100.442642,290.0,
house,Nayarit,20.7204378,-105.2706825,152.0,
house,Veracruz de Ignacio de la Llave,19.1368849,-96.1093008,130.0,
apartment,Estado de México,19.291351,-99.668945,85.0,
apartment,Morelos,18.9242095,-99.2215659,80.0,
apartment,Quintana Roo,21.152496,-86.869834,99.0,
house,Puebla,19.027103,-98.270025,166.0,
house,Nuevo León,25.56551,-100.223213,350.0,
house,Morelos,18.813505,-98.953514,140.0,
house,Yucatán,21.039522,-89.563911,253.0,
house,Morelos,18.804409,-98.959038,230.0,
house,Nuevo León,25.584658,-100.257912,350.0,
house,Estado de México,19.225745,-99.567856,270.0,
house,Jalisco,20.763189,-103.389053,95.0,
house,Distrito Federal,19.383512,-99.084804,115.0,
house,Jalisco,20.6460186,-105.2267944,160.0,
apartment,Distrito Federal,19.367025,-99.170349,85.0,
house,Querétaro,20.604974,-100.409786,110.0,
house,Aguascalientes,21.93248,-102.297005,305.0,
house,San Luis Potosí,22.133745,-101.016029,126.0,
apartment,Puebla,19.054064,-98.245911,87.0,
house,Puebla,19.0303511,-98.3143192,122.0,
house,Morelos,18.947784,-99.201675,300.0,
apartment,Distrito Federal,19.3418937,-99.2245237,145.0,
house,Veracruz de Ignacio de la Llave,20.963127,-97.385071,200.0,
house,Estado de México,19.550089,-99.214828,87.0,
house,Tamaulipas,22.307415,-97.859846,61.0,
house,Morelos,18.8879389,-99.0247871,76.0,
house,Yucatán,21.030668,-89.599258,144.0,
apartment,Veracruz de Ignacio de la Llave,19.1028372114,-96.1112308502,160.0,
house,Distrito Federal,19.353592,-99.177275,360.0,
house,Yucatán,21.0114451792,-89.5797729492,222.0,
house,Estado de México,19.263756,-99.540924,134.0,
house,Estado de México,19.415097,-98.918523,85.0,
house,Distrito Federal,19.471368,-99.08649,280.0,
house,Veracruz de Ignacio de la Llave,19.125807,-96.104954,251.0,
house,Distrito Federal,19.414261,-99.104118,167.0,
house,Baja California,32.469454,-117.003688,93.0,
house,Estado de México,19.5224961,-99.255074,230.0,
house,Yucatán,21.039522,-89.563911,181.0,
house,Quintana Roo,20.6295586,-87.0738851,143.0,
house,Veracruz de Ignacio de la Llave,19.17078,-96.12487,380.0,
house,Chiapas,16.756552,-93.181732,326.0,
house,Querétaro,20.5745579,-100.4129676,160.0,
house,Jalisco,20.62192,-103.259237,250.0,
apartment,Yucatán,21.0633485156,-89.6130359243,60.0,
house,Nuevo León,25.749624,-100.304192,172.0,
house,Puebla,19.036623,-98.190544,204.0,
house,Distrito Federal,19.358008,-99.127094,95.0,
house,Chiapas,19.701565,-101.270798,250.0,
apartment,Distrito Federal,19.415143,-99.14685,70.0,
house,Veracruz de Ignacio de la Llave,18.1479784,-94.4626507,157.0,
apartment,Guerrero,16.794599,-99.83012,230.0,
house,Querétaro,20.594322,-100.365929,298.0,
house,Morelos,18.919898,-98.978835,190.0,
house,Veracruz de Ignacio de la Llave,19.074387,-96.086259,245.0,
house,Guerrero,16.758724,-99.767563,142.0,
house,Estado de México,19.650003,-99.220367,132.0,
house,Estado de México,19.72876,-99.461708,90.0,
house,Jalisco,23.634501,-102.552788,127.0,
house,Yucatán,20.999449,-89.6334,300.0,
house,Yucatán,21.0411724,-89.5550539,215.0,
house,Puebla,19.105051,-98.243682,170.0,
apartment,Yucatán,21.0381057,-89.5933722,186.0,
house,Veracruz de Ignacio de la Llave,19.136782,-96.123543,210.0,
house,Baja California,32.63496,-115.391907,110.0,
house,Yucatán,21.039522,-89.563911,223.0,
house,Veracruz de Ignacio de la Llave,25.535009,-103.302429,350.0,
house,Nayarit,20.7053975,-105.2684878,101.0,
house,Veracruz de Ignacio de la Llave,25.659972,-103.366303,170.0,
house,Tamaulipas,22.2722052,-97.8476749,214.0,
house,Morelos,18.867191,-99.180214,184.0,
house,Querétaro,20.6962084,-100.4506587,120.0,
house,Distrito Federal,19.285162,-99.194185,150.0,
house,Estado de México,19.497893,-99.244125,250.0,
apartment,Guerrero,23.634501,-102.552788,170.0,
house,Sonora,23.634501,-102.552788,383.0,
house,Querétaro,20.389062,-99.957622,95.0,
apartment,Guerrero,16.828667,-99.858981,137.0,
house,Querétaro,20.705742,-100.444016,258.0,
apartment,Distrito Federal,19.35782,-99.149406,80.0,
house,Morelos,18.864874,-98.925911,121.0,
house,Distrito Federal,19.342911,-99.224472,120.0,
house,Estado de México,23.634501,-102.552788,228.0,
house,Sonora,29.063726,-110.976746,102.0,
house,Nuevo León,25.801826,-100.196945,190.0,
house,Querétaro,20.5951924,-100.3479663,180.0,
house,Puebla,19.059084,-98.286095,165.0,
house,Estado de México,23.634501,-102.552788,150.0,
apartment,Querétaro,20.726007,-100.442642,135.0,
house,Yucatán,21.0278699,-89.5880314,240.0,
house,Morelos,18.9147310938,-98.9408111572,140.0,
house,Yucatán,20.968147,-89.629875,70.0,
house,Nuevo León,25.674595,-100.463539,234.0,
house,Yucatán,21.039522,-89.563911,220.0,
house,Morelos,18.850763,-98.943855,160.0,
house,Querétaro,20.726007,-100.442642,250.0,
apartment,Puebla,19.056689,-98.237817,120.0,
house,Tamaulipas,22.270658,-97.849037,380.0,
house,Jalisco,20.748312,-103.429504,96.0,
house,Querétaro,20.614635,-100.416756,139.0,
house,San Luis Potosí,22.1529880008,-100.9653639793,250.0,
house,Yucatán,21.039522,-89.563911,220.0,
house,Nuevo León,25.723516,-100.393311,290.0,
house,Veracruz de Ignacio de la Llave,19.563767,-96.938694,300.0,
apartment,Distrito Federal,19.474885,-99.188231,92.0,
house,Morelos,18.8624622,-99.2120335,261.0,
house,Estado de México,19.508698,-98.875664,260.0,
house,Yucatán,20.968791,-89.5857147,228.0,
apartment,Estado de México,19.3735635,-99.2965778,126.0,
house,Tamaulipas,22.2453265,-97.8431699,131.0,
apartment,Distrito Federal,19.303392,-99.243225,80.0,
apartment,Guerrero,16.794434,-99.830807,256.0,
house,Tamaulipas,22.300137,-97.897331,111.0,
house,Jalisco,20.749051,-103.66731,300.0,
house,Veracruz de Ignacio de la Llave,26.847851,-101.424133,160.0,
house,Baja California,23.634501,-102.552788,115.0,
apartment,Puebla,19.02038,-98.207626,219.0,
house,Hidalgo,20.0519991,-98.755252,110.0,
house,Yucatán,21.0634817,-89.6110378,250.0,
house,Distrito Federal,19.399652,-99.16127,235.0,
house,Durango,24.043295,-104.636917,350.0,
house,Veracruz de Ignacio de la Llave,25.551631,-103.432737,236.0,
house,Querétaro,20.574251,-100.388476,195.0,
apartment,Distrito Federal,19.482603,-99.194748,60.0,
house,Morelos,18.953268,-99.224525,201.0,
apartment,Morelos,18.891611,-99.221756,93.0,
apartment,San Luis Potosí,22.1441622,-101.0358237,160.0,
house,Estado de México,19.2693686,-99.6021262,250.0,
house,Yucatán,21.0749983,-89.5195181,242.0,
house,Puebla,18.462721,-97.414111,250.0,
house,Estado de México,19.595285,-99.050201,120.0,
house,Sonora,27.934649,-110.94401,134.0,
house,Sinaloa,24.7911916858,-107.3835468292,300.0,
house,Distrito Federal,19.500286,-99.122093,180.0,
house,Yucatán,21.072905,-89.65963,253.0,
house,Tlaxcala,19.4171734,-98.1434147,140.0,
house,Yucatán,21.008295,-89.591019,250.0,
house,Morelos,18.864482,-98.928802,121.0,
house,Distrito Federal,19.366935,-99.077541,208.0,
house,San Luis Potosí,23.634501,-102.552788,198.0,
house,Chiapas,16.757278,-93.134056,255.0,
house,Nayarit,20.697244,-105.274384,160.0,
house,Puebla,19.02038,-98.207626,330.0,
house,Quintana Roo,21.1773896,-86.8179603,290.0,
house,Guerrero,16.855229,-99.918871,150.0,
house,Tabasco,17.97423,-92.923836,110.0,
house,Distrito Federal,19.313719,-99.231792,300.0,
house,Durango,25.5897299138,-103.4631872177,118.0,
house,Quintana Roo,21.161908,-86.8515279,204.0,
house,Yucatán,21.03071,-89.618103,131.0,
apartment,Distrito Federal,19.39912,-99.141464,74.0,
house,Yucatán,21.0563227206,-89.66288656,220.0,
house,Estado de México,19.5139313,-99.2281847,160.0,
house,Querétaro,20.598278,-100.33121,140.0,
house,Sinaloa,23.270559,-106.389061,158.0,
house,Baja California Sur,23.634501,-102.552788,80.0,
apartment,Guerrero,16.8595223103,-99.8628473282,142.0,
house,Morelos,18.884224,-98.982506,150.0,
house,Morelos,18.862602,-99.213448,160.0,
apartment,Distrito Federal,19.40012,-99.1532,84.0,
house,Veracruz de Ignacio de la Llave,25.55617,-103.481529,307.0,
house,Veracruz de Ignacio de la Llave,25.573046,-103.443045,200.0,
house,Morelos,18.858107,-99.200287,105.0,
house,Chihuahua,28.6569304,-106.0919272,115.0,
house,Veracruz de Ignacio de la Llave,28.684125,-100.541089,160.0,
house,Tamaulipas,22.254078,-97.824554,140.0,
house,Chiapas,16.766455,-93.111488,240.0,
house,Querétaro,20.545198,-100.407191,140.0,
house,San Luis Potosí,22.1877427607,-100.9580844641,200.0,
house,Morelos,18.864874,-98.925911,86.0,
apartment,San Luis Potosí,22.133104,-100.982117,130.0,
house,Tamaulipas,26.079573,-98.282845,268.0,
apartment,Veracruz de Ignacio de la Llave,19.127317,-96.106186,160.0,
apartment,Distrito Federal,19.340305,-99.214455,60.0,
house,Estado de México,19.517476,-99.272892,170.0,
house,Estado de México,19.552838,-99.251161,80.0,
apartment,Distrito Federal,19.3574317235,-99.2873257399,67.0,
house,Estado de México,19.69323,-99.22522,70.0,
house,Distrito Federal,19.325944,-99.098311,250.0,
house,Jalisco,20.621093,-103.319042,380.0,
house,Baja California,32.647057,-115.421524,176.0,
house,San Luis Potosí,22.141575,-100.900192,245.0,
house,Puebla,18.978682,-98.250015,128.0,
house,Querétaro,20.619887,-100.392302,350.0,
house,Morelos,18.892714,-99.1996,285.0,
house,Tamaulipas,22.329824,-97.880325,200.0,
apartment,Distrito Federal,19.322523,-99.141464,78.0,
house,Chiapas,16.70635,-93.177151,115.0,
house,Estado de México,19.297163,-99.635183,230.0,
house,Veracruz de Ignacio de la Llave,20.950622658,-97.4216314405,64.0,
house,Yucatán,20.9725515,-89.6004394,229.0,
house,Distrito Federal,19.317675,-99.09318,229.0,
house,Morelos,18.879347,-99.179871,95.0,
house,Durango,25.625198,-103.499954,132.0,
apartment,Distrito Federal,19.401507,-99.14682,90.0,
apartment,Distrito Federal,19.474285,-99.084981,74.0,
house,Morelos,18.928623,-99.247382,220.0,
house,Querétaro,20.520556,-99.895833,350.0,
house,Nuevo León,25.662563,-100.18013,350.0,
house,Sinaloa,23.246303,-106.398103,200.0,
house,Morelos,18.969294,-99.249802,198.0,
apartment,Guerrero,16.7506391062,-99.762630685,70.0,
house,Distrito Federal,19.335116,-99.223332,90.0,
apartment,Distrito Federal,19.402944,-99.199727,70.0,
house,Estado de México,19.682219,-99.118782,188.0,
house,Nuevo León,25.7214602,-100.2735673,85.0,
house,Querétaro,20.5980665,-100.4308988,115.0,
house,Nuevo León,25.672399,-100.257777,123.0,
apartment,Distrito Federal,19.399815,-99.150806,90.0,
house,Yucatán,20.9550515,-89.6793392,120.0,
house,Chiapas,16.228815,-92.128043,147.0,
apartment,Jalisco,20.69064,-103.393175,166.0,
house,Estado de México,19.258327,-99.598374,215.0,
house,Querétaro,20.726007,-100.442642,295.0,
apartment,Distrito Federal,19.403334,-99.157755,125.0,
apartment,Baja California,32.451368,-116.973935,70.0,
house,Aguascalientes,21.901482,-102.34405,350.0,
house,Jalisco,20.302476,-103.23781,340.0,
house,Puebla,19.076204,-98.266733,117.0,
apartment,Distrito Federal,19.48778,-99.110583,65.0,
house,Distrito Federal,19.3176966,-99.0612554,100.0,
house,Quintana Roo,21.129547,-86.817017,180.0,
house,Puebla,19.046724,-98.254127,136.0,
apartment,Distrito Federal,19.352431,-99.288369,80.0,
house,Morelos,18.858107,-99.200287,92.0,
house,Querétaro,20.6536084,-100.3469826,130.0,
house,Nuevo León,25.7542524,-100.4034274,137.0,
house,Yucatán,21.006756,-89.570984,155.0,
house,Morelos,18.891621,-99.071698,68.0,
house,Distrito Federal,19.317653,-99.236291,350.0,
house,Tamaulipas,22.246319,-97.86264,163.0,
apartment,Distrito Federal,23.634501,-102.552788,100.0,
apartment,Distrito Federal,19.3651763,-99.2300641,66.0,
house,Querétaro,20.593055,-100.333424,175.0,
house,Nuevo León,25.6910283,-100.3568071,340.0,
house,Jalisco,20.594706,-103.396278,90.0,
house,Veracruz de Ignacio de la Llave,23.634501,-102.552788,148.0,
house,Puebla,18.989918,-98.2295,220.0,
house,Puebla,19.043993,-98.25757,188.0,
house,Hidalgo,20.1213329,-98.7818531,66.0,
house,Nayarit,20.733392,-105.288009,172.0,
apartment,Distrito Federal,19.400249,-99.177444,150.0,
house,Yucatán,21.023252,-89.614571,300.0,
house,Hidalgo,20.124367,-98.735725,176.0,
house,Veracruz de Ignacio de la Llave,25.510947,-103.357724,146.0,
apartment,Distrito Federal,19.480501,-99.178139,70.0,
house,Yucatán,21.030668,-89.599258,305.0,
house,Querétaro,20.679045,-100.341225,157.0,
house,Aguascalientes,21.9633957,-102.343524,146.0,
house,Baja California,32.469498,-116.96022,111.0,
house,Tamaulipas,22.329824,-97.880325,138.0,
apartment,Yucatán,21.039522,-89.563911,145.0,
house,Chiapas,19.701769,-101.145103,120.0,
apartment,Guerrero,16.870413,-99.873192,150.0,
house,Estado de México,19.765149,-98.646915,380.0,
apartment,Distrito Federal,19.372248,-99.133377,65.0,
house,Distrito Federal,19.280767,-99.033615,349.0,
apartment,Distrito Federal,19.389791,-99.164696,154.0,
house,Yucatán,21.039522,-89.563911,350.0,
house,Estado de México,19.668947,-99.224525,90.0,
house,Puebla,19.009069,-98.196693,148.0,
house,Baja California,32.494823,-117.016725,92.0,
apartment,Distrito Federal,19.314545,-99.140672,122.0,
house,San Luis Potosí,22.1447396,-101.0273412,166.0,
house,Jalisco,20.64338,-103.431613,120.0,
house,Baja California,30.733356,-115.984407,200.0,
house,Estado de México,19.553615,-99.248715,260.0,
apartment,Distrito Federal,19.405298,-99.164986,80.0,
house,Querétaro,20.5969621,-100.3337597,193.0,
house,Morelos,23.634501,-102.552788,115.0,
house,Distrito Federal,19.34016,-99.194081,90.0,
house,Yucatán,21.075163,-89.516731,185.0,
house,Tamaulipas,22.257896,-97.86808,200.0,
apartment,Guerrero,16.8531086,-99.8236533,138.0,
house,Puebla,19.027384,-98.265213,160.0,
house,Estado de México,19.309069,-99.602311,146.0,
house,Sinaloa,23.20485,-106.424401,200.0,
house,Chihuahua,28.631943,-106.117668,170.0,
house,Yucatán,21.0399331,-89.5965747,235.0,
house,Guerrero,16.8808724,-99.9359641,104.0,
house,Baja California Sur,24.125583,-110.330846,128.0,
house,Estado de México,19.269808,-99.593781,238.0,
apartment,Distrito Federal,19.41498,-99.177444,164.0,
house,Yucatán,20.996355,-89.583946,248.0,
house,Morelos,18.954132,-99.266083,85.0,
house,Estado de México,19.494789,-99.270887,151.0,
house,Guerrero,17.6474239,-101.5455504,119.0,
house,Estado de México,19.2666119,-99.6403991,191.0,
house,Quintana Roo,21.161908,-86.8515279,210.0,
apartment,Distrito Federal,19.377171,-99.188503,72.0,
apartment,Distrito Federal,19.2790911,-99.2114234,76.0,
house,Jalisco,20.660534,-103.318809,345.0,
house,Veracruz de Ignacio de la Llave,20.95618,-97.408578,112.0,
house,San Luis Potosí,22.141575,-100.900192,229.0,
apartment,Distrito Federal,19.443178,-99.20237,115.0,
house,Yucatán,21.0525830247,-89.5386385918,168.0,
house,Estado de México,19.621174,-99.148073,100.0,
house,Puebla,18.915431,-98.435252,200.0,
house,Tabasco,17.962037,-92.973569,139.0,
apartment,Distrito Federal,19.3010279716,-99.1442191601,108.0,
apartment,Veracruz de Ignacio de la Llave,20.949051,-97.364006,300.0,
house,Estado de México,19.627731,-99.30194,146.0,
house,Baja California Sur,24.0390214553,-110.3097617626,250.0,
house,Quintana Roo,21.112447,-86.85264,180.0,
apartment,Distrito Federal,19.451872,-99.173522,70.0,
house,Morelos,18.913485,-99.240456,80.0,
house,Morelos,18.840925,-98.934196,110.0,
apartment,Distrito Federal,19.3819271,-99.1891539,90.0,
house,Veracruz de Ignacio de la Llave,25.558637,-103.449786,250.0,
house,Jalisco,20.764135,-103.339958,140.0,
apartment,Distrito Federal,19.385989,-99.186285,107.0,
house,Chihuahua,28.6329957,-106.0691004,290.0,
house,Puebla,18.996482,-98.239653,100.0,
apartment,Distrito Federal,19.401507,-99.14682,65.0,
house,Querétaro,20.726007,-100.442642,135.0,
house,Morelos,18.795519,-99.231445,165.0,
house,Morelos,18.885848,-98.973834,82.0,
house,Querétaro,20.403807,-99.990905,110.0,
house,San Luis Potosí,22.134478,-100.929138,97.0,
house,Estado de México,19.5562275,-99.2674713,64.0,
apartment,Querétaro,20.726007,-100.442642,173.0,
house,Nuevo León,25.757803,-100.404541,179.0,
house,San Luis Potosí,22.1593377,-101.0443504,187.0,
house,Querétaro,20.726007,-100.442642,180.0,
house,Distrito Federal,19.475765,-99.145,270.0,
house,Querétaro,20.6490506,-100.4393293,380.0,
house,Puebla,19.060701,-98.329774,255.0,
house,Veracruz de Ignacio de la Llave,25.365447,-100.9942,167.0,
apartment,Guerrero,23.634501,-102.552788,180.0,
house,Baja California,32.589504,-115.363762,86.0,
apartment,Distrito Federal,19.383952,-99.160229,110.0,
house,Puebla,18.97302,-98.206238,210.0,
apartment,Baja California Sur,24.1647821422,-110.3053683043,71.0,
apartment,Yucatán,21.072905,-89.65963,210.0,
house,Nuevo León,25.758963,-100.316811,175.0,
house,Puebla,19.0378006,-98.3007086,165.0,
house,Distrito Federal,19.3870644,-99.0362059,300.0,
house,Estado de México,19.5329337,-99.164866,290.0,
house,Tlaxcala,19.29712,-98.255075,160.0,
house,Morelos,23.634501,-102.552788,110.0,
house,Querétaro,20.7070670337,-100.4718160629,309.0,
house,Puebla,19.046589,-98.102929,92.0,
house,Nuevo León,25.7394971,-100.2754971,164.0,
house,Veracruz de Ignacio de la Llave,19.100079,-96.121007,220.0,
house,San Luis Potosí,22.147087,-100.960213,105.0,
house,Guanajuato,21.1264477,-101.611078,250.0,
house,Morelos,18.917542,-98.963181,140.0,
house,Distrito Federal,19.472128,-99.146697,190.0,
house,Estado de México,19.234984,-99.558175,115.0,
house,Puebla,18.9187144,-98.4266391,90.0,
house,Yucatán,21.075163,-89.516731,185.0,
apartment,Distrito Federal,19.52589,-99.151703,71.0,48550.59
house,Estado de México,19.2640539,-99.5727534,233.0,168636.73
house,Estado de México,19.268629,-99.671722,300.0,86932.69
apartment,Veracruz de Ignacio de la Llave,19.511938,-96.871956,84.0,68508.67
house,Jalisco,20.689157,-103.366728,175.0,102763.0
house,Yucatán,21.0441317,-89.6216334,223.0,126477.54
house,Quintana Roo,21.129547,-86.817017,179.0,121207.64
house,Guanajuato,21.003574,-101.285683,205.0,226869.1
house,Chiapas,19.667873,-101.233465,130.0,76395.4
apartment,Distrito Federal,19.443178,-99.144234,67.0,50052.15
apartment,Distrito Federal,19.396593,-99.133163,80.0,51076.22
house,Guanajuato,21.1299039,-101.6220159,263.0,152932.43
house,Nuevo León,25.625994,-100.283852,367.0,216014.58
apartment,Distrito Federal,19.524143,-99.160149,60.0,34246.21
apartment,Distrito Federal,19.386959,-99.219492,120.0,100104.31
house,Veracruz de Ignacio de la Llave,20.949741,-97.396337,320.0,158059.45
house,Morelos,18.920345,-99.235603,122.0,103500.79
apartment,Guerrero,16.863794,-99.881614,191.0,237145.4
house,Veracruz de Ignacio de la Llave,19.136782,-96.123543,220.0,104319.23
apartment,Distrito Federal,19.403334,-99.145021,153.0,65633.66
house,Yucatán,21.0411724,-89.5550539,205.0,90115.25
house,Veracruz de Ignacio de la Llave,25.441315,-100.987683,120.0,110667.85
house,Baja California,32.425724,-117.034189,115.0,62585.3
house,Estado de México,19.484794,-98.874065,260.0,91674.48
apartment,Distrito Federal,19.378533,-99.187561,107.0,79443.7
house,Nuevo León,25.740887,-100.385582,192.0,115910.26
house,Chiapas,16.769737,-93.088928,106.0,52686.48
house,Jalisco,20.650429,-103.374611,190.0,150192.08
apartment,Distrito Federal,19.387613,-99.202726,103.0,50942.31
house,Morelos,18.890867,-99.177444,171.0,105397.95
apartment,Quintana Roo,21.139086,-86.84964,203.0,189716.32
apartment,Distrito Federal,19.413079,-99.174228,140.0,273969.71
house,Distrito Federal,19.410826,-99.143757,160.0,157532.58
house,Morelos,18.900852,-99.213448,200.0,173865.39
apartment,Distrito Federal,19.428767,-99.1459,75.0,56689.55
house,Estado de México,19.595285,-99.050201,149.0,100104.31
apartment,Estado de México,19.531834,-99.240456,117.0,144922.18
house,Morelos,18.818652,-98.936752,293.0,110667.85
house,Veracruz de Ignacio de la Llave,23.634501,-102.552788,233.0,99577.45
house,Quintana Roo,21.137991,-86.870964,280.0,92201.34
house,Veracruz de Ignacio de la Llave,18.7696195,-95.758949,160.0,92130.98
house,San Luis Potosí,22.169217188,-101.0471907892,190.0,99050.58
house,Nuevo León,23.634501,-102.552788,200.0,98523.72
house,Estado de México,19.101794,-98.87164,300.0,52686.48
house,Veracruz de Ignacio de la Llave,19.517859,-96.891403,180.0,123842.59
house,Distrito Federal,19.2790911,-99.2114234,117.0,142253.5
apartment,Oaxaca,15.752900306,-96.1357247829,83.0,68245.17
apartment,Distrito Federal,19.302422,-99.230829,104.0,103370.88
house,Distrito Federal,19.343664,-99.212308,350.0,242357.82
apartment,Guerrero,16.868438,-99.89028,100.0,79029.72
house,Morelos,18.93409,-99.254997,198.0,123813.23
house,Estado de México,19.534415,-99.023333,280.0,55039.77
house,Puebla,19.043223,-98.268716,168.0,92201.34
apartment,Puebla,19.0527224248,-98.2346042991,75.0,81683.41
house,Morelos,18.981213,-99.206345,200.0,115910.26
apartment,Distrito Federal,19.395097,-99.150424,80.0,53158.13
house,Morelos,18.862602,-99.213448,305.0,189716.32
house,Jalisco,20.594334,-103.425086,90.0,57955.13
house,Puebla,18.9915056,-98.2181614,152.0,105397.95
apartment,San Luis Potosí,22.125832,-101.035118,144.0,100128.05
apartment,Nuevo León,25.592172,-99.9961947,87.0,173490.81
house,Estado de México,19.295469,-99.692619,84.0,49986.51
house,Guanajuato,20.703063,-101.339442,90.0,55320.8
house,Chiapas,19.670241,-101.190542,190.0,165962.42
house,Yucatán,20.9591553064,-89.627494812,135.0,89587.99
house,Jalisco,20.635013,-103.42725,200.0,120652.04
house,Chiapas,19.673779,-101.187927,260.0,158059.45
apartment,Tabasco,17.997911,-92.923836,125.0,210745.93
apartment,Estado de México,19.508253,-99.254997,113.0,153686.47
apartment,Morelos,18.937398,-99.246207,127.0,131747.44
apartment,Baja California,32.486253,-117.054332,63.0,36817.31
house,Puebla,18.9802279987,-98.2865452766,272.0,210795.91
house,Querétaro,20.5969621,-100.3337597,95.0,52698.97
house,Yucatán,21.0181429,-89.6396127,180.0,72724.58
house,Chihuahua,28.6275048,-106.0401387,212.0,44256.64
house,Querétaro,20.723525,-100.45586,248.0,151210.2
house,Querétaro,20.729762,-100.467159,198.0,131716.2
house,Veracruz de Ignacio de la Llave,18.7696195,-95.758949,245.0,147557.13
house,Distrito Federal,19.410632,-99.13847,140.0,162801.23
house,Estado de México,19.672207,-99.015656,158.0,86247.77
house,Chihuahua,28.6103324259,-106.1123085022,200.0,134382.39
house,Baja California Sur,23.634501,-102.552788,100.0,44730.82
apartment,Tabasco,17.928942,-92.912029,67.0,35826.8
house,Jalisco,20.572651,-103.474675,270.0,250260.79
house,Veracruz de Ignacio de la Llave,19.1553371,-96.1682507,282.0,68508.67
house,Veracruz de Ignacio de la Llave,20.957177,-97.410652,350.0,115910.26
house,Nuevo León,25.7815621,-100.1875974,108.0,35036.51
house,Yucatán,21.039522,-89.563911,162.0,83226.17
house,Querétaro,20.543838,-100.412211,145.0,115910.26
house,Veracruz de Ignacio de la Llave,19.1564195,-96.111619,190.0,124633.08
house,Distrito Federal,19.275725,-99.129684,80.0,132559.19
house,Morelos,18.90666,-98.965851,330.0,184402.69
apartment,Distrito Federal,19.342083,-99.0532159,83.0,52574.87
house,Querétaro,20.570164,-100.363823,135.0,78521.47
house,Morelos,18.926468,-99.214211,340.0,289775.66
apartment,Distrito Federal,19.368553,-99.178235,174.0,89430.16
house,Querétaro,20.5828187131,-100.417855382,93.0,59022.85
apartment,Distrito Federal,19.427607,-99.160835,102.0,177267.41
house,Chiapas,16.770111,-93.08167,144.0,71126.75
apartment,Distrito Federal,19.460046,-99.140495,70.0,79029.72
house,Morelos,18.9015371,-98.9336558,200.0,123842.59
house,Chiapas,16.748295,-93.084284,140.0,84298.37
house,Querétaro,20.5198184,-100.3933074,123.0,85178.23
house,Morelos,18.890867,-99.177444,150.0,86932.69
house,Estado de México,19.682383,-98.984458,74.0,33350.54
house,Querétaro,20.582091,-100.391196,300.0,237089.17
apartment,Puebla,19.0733273,-98.2658243,164.0,184446.42
house,Quintana Roo,21.161908,-86.8515279,220.0,136984.85
apartment,Morelos,18.949474,-99.232381,129.0,137017.34
house,Morelos,18.795519,-99.231445,71.0,36353.67
house,Veracruz de Ignacio de la Llave,25.484016,-100.966568,290.0,115910.26
house,Querétaro,20.536322,-100.436844,280.0,205477.28
house,Distrito Federal,19.343424,-99.135933,182.0,68492.42
house,Colima,19.274727,-103.74485,329.0,104343.97
house,Querétaro,20.5412697,-100.3997814,110.0,59022.85
house,Nuevo León,25.7296370244,-100.2941036224,310.0,237145.4
house,Morelos,18.835054,-98.951226,250.0,68492.42
apartment,Distrito Federal,19.368475,-99.17952,81.0,149629.61
house,Distrito Federal,19.285891,-99.108269,210.0,85949.19
apartment,Distrito Federal,19.392302,-99.154385,150.0,222924.2
house,Distrito Federal,19.2925929444,-99.1806221008,96.0,138598.31
house,Querétaro,20.5426931,-100.4512523,260.0,122525.12
house,Veracruz de Ignacio de la Llave,19.0652948,-96.069905,239.0,138334.81
house,Jalisco,20.6129,-103.464564,275.0,163328.09
apartment,Puebla,18.983398,-98.288951,192.0,121207.64
house,Chiapas,19.657836,-101.184317,260.0,68492.42
house,Yucatán,21.03071,-89.618103,126.0,77467.49
house,Chiapas,19.710472,-101.222626,190.0,63223.78
house,Estado de México,19.476202,-99.261893,230.0,289775.66
house,Chihuahua,28.663404,-106.133102,182.0,326733.66
house,Jalisco,20.726262,-103.468575,206.0,168596.74
house,Veracruz de Ignacio de la Llave,19.137135,-96.112946,125.0,60589.45
house,Estado de México,19.5224623443,-99.2515909641,210.0,202842.96
apartment,Querétaro,20.696185,-100.450005,132.0,93781.94
house,Hidalgo,20.092012,-98.741743,116.0,84087.62
house,Baja California,32.601212,-115.474838,102.0,33982.78
house,Chiapas,16.765467,-93.105786,370.0,192305.66
house,Yucatán,21.039522,-89.563911,195.0,91632.19
apartment,Puebla,18.989942,-98.247486,100.0,55847.67
house,Veracruz de Ignacio de la Llave,18.898756,-96.998779,130.0,68492.42
house,Veracruz de Ignacio de la Llave,19.119549,-96.107643,232.0,125393.83
house,Distrito Federal,19.353288,-99.244721,90.0,136405.3
house,San Luis Potosí,22.1385005078,-100.9965722937,168.0,104319.23
house,Sonora,29.083198,-110.993222,162.0,57955.13
house,Puebla,19.044477,-98.328011,165.0,111331.75
house,Distrito Federal,19.510133,-99.100025,171.0,141199.77
house,Morelos,18.850763,-98.943855,168.0,67438.69
house,Nuevo León,25.758372724,-100.2713531256,98.0,43213.16
house,Querétaro,20.726007,-100.442642,260.0,163328.09
house,Estado de México,19.5562275,-99.2674713,150.0,205526.01
apartment,Distrito Federal,19.345528,-99.189906,60.0,46943.65
house,Morelos,18.935198,-99.232834,300.0,289775.66
house,Puebla,19.03362,-98.203294,156.0,99577.45
house,Estado de México,19.229864,-99.597954,256.0,184446.42
house,Yucatán,21.039522,-89.563911,330.0,171271.67
house,Morelos,18.936026,-99.216217,220.0,205477.28
house,Tabasco,18.053865,-92.937809,182.0,81664.04
house,Yucatán,20.9968241,-89.5846761,164.0,62711.78
house,Yucatán,20.984423,-89.579231,162.0,47417.83
house,Morelos,18.864874,-98.925911,120.0,51369.32
house,Distrito Federal,19.40112,-99.06707,317.0,173906.62
house,Querétaro,20.705742,-100.444016,185.0,146995.28
house,Sinaloa,24.813503,-107.371574,220.0,184446.42
apartment,Morelos,18.935198,-99.232834,91.0,101182.03
house,Yucatán,21.012869,-89.636932,96.0,57705.38
apartment,Quintana Roo,21.1672703,-86.8414848,120.0,163366.83
house,Morelos,18.948607,-99.243812,180.0,184446.42
house,Morelos,18.95299,-99.259592,180.0,102738.64
house,Morelos,18.8816687,-99.1632665,90.0,68245.17
house,Querétaro,20.5884382058,-100.4006266594,243.0,200208.63
house,Yucatán,20.9973786,-89.6296213,170.0,38470.25
apartment,Distrito Federal,19.33923,-99.218987,83.0,147522.15
house,Chiapas,16.766967,-93.123362,239.0,226551.88
house,Chihuahua,28.631689,-106.102234,200.0,115410.76
house,Querétaro,20.58966,-100.366899,335.0,250260.79
house,Morelos,18.862602,-99.213448,210.0,141990.07
apartment,Querétaro,20.59808,-100.337153,90.0,57428.26
apartment,Quintana Roo,21.1789333275,-86.8123199791,75.0,34254.33
apartment,Nuevo León,25.6689477,-100.3536491,117.0,140741.38
house,Guerrero,16.862803,-99.894829,147.0,92750.2
apartment,Sinaloa,23.296583,-106.479973,134.0,173865.39
house,Yucatán,21.0012449,-89.5674103,133.0,76150.02
house,Estado de México,19.666832,-99.236992,69.0,44783.51
house,Nuevo León,25.668703,-100.405373,101.0,210795.91
house,Jalisco,20.663444,-103.426533,350.0,262115.25
apartment,Estado de México,19.521015,-99.23091,130.0,171231.07
house,Sinaloa,23.286216,-106.427007,180.0,86932.69
house,Estado de México,19.422676,-99.257774,200.0,70283.76
house,Estado de México,19.6378074,-99.1995969,254.0,171271.67
house,Hidalgo,20.084376,-98.367993,279.0,131716.2
house,Morelos,18.850763,-98.943855,110.0,73234.21
house,Estado de México,19.300923,-99.713636,73.0,43729.78
apartment,Distrito Federal,19.444723,-99.186447,70.0,41680.96
house,Distrito Federal,19.403597,-99.149771,380.0,257531.53
house,Chiapas,19.66869,-101.205173,298.0,168069.88
apartment,Baja California,32.486292,-117.054763,63.0,36817.31
apartment,Jalisco,20.705671,-103.396278,180.0,237145.4
house,Guerrero,16.8583631,-99.8508616,354.0,266975.89
apartment,Veracruz de Ignacio de la Llave,19.1005941575,-96.1070613563,76.0,84298.37
apartment,Estado de México,19.479437,-99.236561,75.0,105397.95
house,Morelos,18.981213,-99.206345,240.0,183348.96
house,Querétaro,20.624242,-100.390194,172.0,86953.31
apartment,Estado de México,19.508253,-99.254997,113.0,153686.47
house,Estado de México,19.533955,-99.228287,155.0,52159.61
apartment,Distrito Federal,19.394073,-99.153915,82.0,154987.69
house,Morelos,18.878128,-99.187238,110.0,84298.37
apartment,Querétaro,20.5862687746,-100.3786790371,63.0,113302.8
house,Morelos,18.961286,-99.212621,60.0,34773.07
house,Querétaro,20.628052,-100.404541,254.0,147557.13
house,Campeche,18.660893,-91.7663706,264.0,172852.64
house,Veracruz de Ignacio de la Llave,19.0652948,-96.069905,192.0,126477.54
house,Tamaulipas,22.285725,-97.843597,72.0,35988.5
apartment,Distrito Federal,19.305984,-99.127341,70.0,107322.36
house,Distrito Federal,19.361792,-99.190096,197.0,49999.47
house,San Luis Potosí,22.1877626295,-100.962767601,105.0,50517.24
apartment,Querétaro,20.726007,-100.442642,105.0,93856.88
apartment,Distrito Federal,19.417636,-99.153292,70.0,41095.45
house,Veracruz de Ignacio de la Llave,19.570101,-96.918228,140.0,42623.36
house,Morelos,18.885313,-99.062879,97.0,50052.15
apartment,San Luis Potosí,22.148722,-101.00119,129.0,92750.2
house,Puebla,18.985688,-98.230121,73.0,37670.83
apartment,Estado de México,19.427053,-99.256293,100.0,313695.32
apartment,Distrito Federal,19.446256,-99.147767,68.0,49051.11
house,Nayarit,21.4581695,-104.8877876,220.0,165172.12
apartment,Distrito Federal,19.333974,-99.240363,70.0,121178.91
apartment,Estado de México,19.379597,-99.293808,155.0,226551.88
house,San Luis Potosí,22.139618,-101.032422,354.0,208111.61
house,Estado de México,19.552184,-99.251489,80.0,127880.63
apartment,Querétaro,20.5365909,-100.4411011,80.0,44794.13
apartment,Distrito Federal,19.445032,-99.140207,133.0,59426.13
house,Estado de México,19.54235,-99.19195,192.0,125920.69
apartment,Distrito Federal,19.377404,-99.193301,80.0,91411.04
apartment,Guerrero,16.858816,-99.857628,185.0,157917.19
house,Sinaloa,23.231522,-106.382439,211.0,81137.18
house,Yucatán,21.006756,-89.570984,250.0,105397.95
apartment,Guerrero,16.850374,-99.850166,145.0,81664.04
house,Veracruz de Ignacio de la Llave,18.141083,-94.458733,180.0,110667.85
house,Puebla,18.989918,-98.2295,299.0,231820.52
house,Veracruz de Ignacio de la Llave,25.540674,-103.393252,140.0,47417.83
house,Yucatán,21.039522,-89.563911,240.0,138058.14
apartment,Distrito Federal,19.336697,-99.152534,102.0,187081.37
house,Querétaro,20.697427,-100.444385,187.0,134350.53
apartment,Distrito Federal,19.451872,-99.173522,70.0,66911.83
house,Estado de México,19.262129,-99.602481,239.0,132769.93
apartment,Distrito Federal,19.2790911,-99.2114234,72.0,40645.77
house,Jalisco,20.647398,-105.209682,84.0,65858.1
house,Tabasco,23.634501,-102.552788,151.0,237145.4
house,Querétaro,20.5887932,-100.3898881,177.0,115937.75
apartment,Puebla,19.028651,-98.258029,116.0,171231.07
apartment,Distrito Federal,19.493713,-99.204941,60.0,38812.39
house,Veracruz de Ignacio de la Llave,19.11819,-96.107956,181.0,129112.49
house,Veracruz de Ignacio de la Llave,18.147928788,-94.4772926867,175.0,115937.75
house,Estado de México,19.4907003,-99.2553635,370.0,316193.86
apartment,Nuevo León,25.672309,-100.374119,73.0,106110.57
house,Estado de México,19.542509,-99.218987,220.0,150156.47
house,Chiapas,19.671952,-101.175638,235.0,171231.07
house,Colima,19.297108,-103.737602,176.0,62170.05
house,Baja California,32.421957,-117.033513,170.0,95499.52
house,Morelos,18.855343,-99.241142,73.0,36783.88
house,Morelos,18.939657,-99.20237,185.0,189716.32
house,Distrito Federal,19.345431,-99.209949,200.0,228450.07
house,Nuevo León,25.660103,-100.410858,127.0,131747.44
house,Estado de México,19.564925,-99.218415,110.0,143834.1
house,Nuevo León,25.652299,-100.266174,281.0,152790.8
apartment,Distrito Federal,19.452665,-99.121497,75.0,34421.81
apartment,Guerrero,16.869995,-99.869568,72.0,48471.56
house,Chiapas,16.768602,-93.164162,185.0,82717.77
house,Hidalgo,23.634501,-102.552788,120.0,63223.78
house,Estado de México,19.317622,-99.607241,200.0,158059.45
house,Guerrero,16.850374,-99.850166,168.0,115937.75
apartment,Yucatán,21.0306572,-89.5945502,144.0,79048.46
house,Distrito Federal,19.359798,-99.161675,90.0,131716.2
house,Distrito Federal,19.3434226,-99.1359301,182.0,68492.42
apartment,Distrito Federal,19.4503249,-99.1351802,91.0,79029.72
house,Tamaulipas,22.3918646281,-97.9089224339,76.0,35826.8
apartment,Distrito Federal,19.307417,-99.125191,75.0,36882.11
house,Durango,24.0277202,-104.6531759,245.0,92201.34
apartment,Estado de México,19.374843,-99.293871,120.0,59711.33
apartment,San Luis Potosí,22.1352302,-101.0266343,140.0,73234.21
house,Veracruz de Ignacio de la Llave,25.577366,-103.437088,348.0,155425.12
house,Veracruz de Ignacio de la Llave,19.517859,-96.891403,300.0,142253.5
house,Querétaro,20.605692,-100.38488,290.0,208111.61
house,San Luis Potosí,22.158050728,-100.9284004569,180.0,50064.02
house,Morelos,18.847519,-99.220529,162.0,89567.02
house,Veracruz de Ignacio de la Llave,19.119549,-96.107643,190.0,94331.17
house,Distrito Federal,19.301835,-99.206377,300.0,207057.88
house,Chiapas,16.756552,-93.181732,215.0,163366.83
house,Morelos,18.813505,-98.953514,80.0,34246.21
house,Campeche,19.8301251,-90.5349087,160.0,115937.75
house,Querétaro,20.592563,-100.371039,271.0,179134.04
house,Hidalgo,20.044181,-99.34648,169.0,84054.87
apartment,Distrito Federal,19.396893,-99.152302,80.0,85899.33
house,Jalisco,20.615292,-103.312843,230.0,131716.2
house,Guanajuato,21.202881,-101.679077,167.0,68492.42
house,Yucatán,21.0315095,-89.600513,349.0,200256.11
house,Distrito Federal,19.33981,-99.216052,272.0,260798.09
house,Nuevo León,25.6773984,-100.3940095,347.0,292796.2
house,Yucatán,21.0344135,-89.5978127,305.0,194986.21
house,Morelos,18.936026,-99.216217,270.0,255590.04
house,Querétaro,20.607178,-100.335754,75.0,35563.37
house,Estado de México,19.470298,-99.272488,218.0,255529.44
house,Estado de México,19.522923,-99.241837,340.0,250260.79
house,Querétaro,20.570164,-100.363823,170.0,123842.59
house,Veracruz de Ignacio de la Llave,18.1477847816,-94.4396674633,240.0,115937.75
house,Distrito Federal,19.399741,-99.115503,100.0,57287.8
house,Distrito Federal,19.282308,-99.126869,130.0,119651.0
apartment,Estado de México,19.634604,-99.088905,76.0,34245.11
house,Morelos,18.904448,-99.242474,106.0,105372.96
house,Distrito Federal,19.456544,-99.127136,278.0,183875.82
house,Querétaro,20.726007,-100.442642,285.0,231875.5
house,Querétaro,20.548123,-100.436245,300.0,200208.63
apartment,Distrito Federal,19.396705,-99.181902,85.0,76740.25
house,Querétaro,20.6543981,-100.3546346,137.0,83264.38
house,Chiapas,16.766762,-93.148401,160.0,154371.39
house,Morelos,18.954132,-99.266083,94.0,55333.92
house,Nuevo León,25.696475,-100.345717,220.0,165962.42
apartment,Distrito Federal,19.270165,-99.152404,80.0,131400.09
house,Guerrero,23.634501,-102.552788,100.0,50052.15
apartment,Distrito Federal,19.39912,-99.141464,92.0,142253.5
house,Estado de México,19.229864,-99.597954,270.0,231820.52
apartment,Distrito Federal,19.376589,-99.153107,107.0,215482.45
house,Yucatán,21.072905,-89.65963,280.0,110351.66
house,Puebla,19.044477,-98.328011,350.0,226551.88
apartment,Estado de México,19.6494549,-99.2023662,69.0,38461.13
apartment,Estado de México,19.60537,-99.233148,60.0,39146.05
house,Tabasco,17.999552,-92.950018,151.0,115910.26
house,Puebla,19.1090862,-98.3289824,160.0,84318.36
house,Morelos,18.910368,-99.1996,200.0,129081.88
house,Jalisco,20.775549,-103.691269,300.0,134350.53
house,Nuevo León,25.7671943,-100.2575589,150.0,35308.31
house,Baja California Sur,24.168865,-110.306996,330.0,290434.24
house,Baja California,32.457415,-116.88252,102.0,61643.18
house,Querétaro,20.726007,-100.442642,200.0,121705.77
apartment,Oaxaca,17.0588513685,-96.749432981,94.0,51118.0
house,Estado de México,19.550762,-99.242156,160.0,111194.84
house,Yucatán,21.0412206815,-89.5549756587,174.0,82842.79
apartment,Distrito Federal,19.373161,-99.130394,69.0,84298.37
house,Morelos,18.917542,-98.963181,210.0,118572.7
apartment,Nuevo León,25.657194,-100.340521,110.0,262378.68
house,Morelos,18.94542,-99.223195,380.0,289775.66
house,Querétaro,20.6113606,-100.3288581,132.0,86953.31
house,Chiapas,16.773806,-93.096295,165.0,71126.75
house,Distrito Federal,19.493973,-99.130394,300.0,179239.41
apartment,Quintana Roo,20.626583,-87.078659,145.0,115437.11
apartment,Nuevo León,25.651072,-100.342773,126.0,175924.99
house,Distrito Federal,19.362795,-99.218987,80.0,46715.31
house,Querétaro,20.631845,-100.390495,180.0,118572.7
house,Nuevo León,25.637247,-100.382774,194.0,76395.4
house,Quintana Roo,21.138567,-86.842937,185.0,97469.99
house,Guerrero,16.874741,-99.889244,300.0,98787.15
apartment,Distrito Federal,19.395097,-99.150424,80.0,53158.18
apartment,Distrito Federal,19.478815,-99.196831,64.0,76395.4
house,Veracruz de Ignacio de la Llave,19.554081,-96.911522,95.0,38461.13
house,Tamaulipas,22.276130897,-97.8784418106,232.0,139652.29
house,Morelos,18.9611008,-99.2684274,192.0,173906.62
apartment,Distrito Federal,19.51918,-99.143403,60.0,34983.82
apartment,Yucatán,21.03071,-89.618103,131.0,77467.49
house,Chiapas,19.671921,-101.197362,240.0,97469.99
house,Estado de México,19.514929,-99.2542064,356.0,288721.93
house,Estado de México,19.295469,-99.692619,150.0,57968.87
house,Estado de México,19.488134,-99.230759,110.0,138934.25
apartment,Distrito Federal,19.326108,-99.122758,70.0,49273.54
house,Sonora,29.105133,-110.943916,357.0,210745.93
house,Chiapas,19.711031,-101.245743,256.0,60603.82
house,Nuevo León,25.5883667,-100.2430415,300.0,162393.9
house,Baja California Sur,24.155968,-110.315987,204.0,135963.36
house,Distrito Federal,19.483263,-99.186297,190.0,102369.83
house,Estado de México,19.404718,-99.263313,139.0,252895.12
house,Chihuahua,28.678531,-106.040439,115.0,46890.97
house,Yucatán,21.0064261,-89.6850751,90.0,60603.82
apartment,Distrito Federal,23.634501,-102.552788,85.0,94835.67
house,Estado de México,19.580685,-99.047432,70.0,34254.33
house,Querétaro,20.571299,-100.383032,90.0,37353.34
house,Yucatán,20.9904342,-89.6004394,200.0,79029.72
house,Morelos,18.953518,-99.272508,300.0,147522.15
house,Nuevo León,25.686357,-100.376106,380.0,200256.11
house,Baja California,32.494759,-117.016926,92.0,51632.75
house,Jalisco,20.7540020174,-103.3824715018,290.0,152790.8
house,Estado de México,19.562864,-99.064713,90.0,52686.48
house,Querétaro,20.5285264774,-99.88301754,136.0,79048.46
apartment,San Luis Potosí,22.133745,-101.016029,174.0,143868.21
apartment,Distrito Federal,19.299864,-99.111133,65.0,135225.12
house,Estado de México,19.493069,-99.060346,343.0,191620.74
house,Querétaro,20.6536084,-100.3469826,176.0,110140.86
apartment,Distrito Federal,19.384724,-99.145619,145.0,123813.23
house,Jalisco,20.883594,-103.839896,100.0,184402.69
house,Nuevo León,25.6866142,-100.3161126,90.0,242357.82
house,Morelos,18.804197,-98.932816,140.0,51632.75
house,Querétaro,20.7047931,-100.4462718,250.0,150192.08
house,Estado de México,19.589786878,-99.0521619915,80.0,36889.28
house,Puebla,18.972588,-98.282691,202.0,150894.08
house,Nuevo León,25.530777,-100.2071,299.0,194939.99
house,Querétaro,20.593385,-100.361619,100.0,115910.26
house,Puebla,19.017727,-98.316376,182.0,108559.89
apartment,Distrito Federal,19.454332,-99.200287,62.0,50591.01
house,Quintana Roo,21.139086,-86.84964,200.0,158096.93
house,Estado de México,19.2030655,-99.5478784,106.0,38724.56
house,Sinaloa,23.290356,-106.426237,150.0,93781.94
house,Colima,19.277207,-103.734973,161.0,52633.79
house,Nuevo León,25.7393693814,-100.2269947529,266.0,144700.85
house,Morelos,18.901708,-99.237779,250.0,242357.82
apartment,Distrito Federal,19.368808,-99.112954,83.0,115910.26
house,Yucatán,21.0369774162,-89.6034273505,175.0,126214.05
house,Morelos,23.634501,-102.552788,270.0,229186.2
apartment,Distrito Federal,19.38342,-99.086604,88.0,100104.31
house,Morelos,18.93409,-99.254997,145.0,102738.64
house,Distrito Federal,19.380834,-99.200764,350.0,161258.87
house,Morelos,18.886955,-99.062244,68.0,43202.91
house,Nuevo León,25.679226,-100.344032,210.0,155425.12
apartment,Distrito Federal,19.413009,-99.17109,127.0,289775.66
apartment,Distrito Federal,19.410215,-99.14595,70.0,44048.85
apartment,Distrito Federal,19.367424,-99.185753,82.0,154898.26
house,San Luis Potosí,22.0951835008,-100.87474823,172.0,50157.53
apartment,Distrito Federal,19.298168,-99.113106,83.0,177695.7
apartment,Estado de México,19.5652097,-99.2646998,87.0,84318.36
house,Estado de México,19.5527338,-99.2494583,200.0,92223.21
house,Yucatán,21.0634817,-89.6110378,235.0,146995.28
house,Tamaulipas,22.285725,-97.843597,218.0,118572.7
house,Querétaro,20.5230129,-100.4302641,184.0,93804.18
apartment,Distrito Federal,19.440043,-99.176894,79.0,137017.34
house,Veracruz de Ignacio de la Llave,25.439536,-100.994925,293.0,158059.45
apartment,San Luis Potosí,22.144705,-101.04092,144.0,90620.75
house,Yucatán,20.9959805028,-89.6128177643,374.0,247421.7
house,Tamaulipas,22.3286560021,-97.8898514392,140.0,73778.56
house,Morelos,18.858107,-99.200287,92.0,64556.24
house,Veracruz de Ignacio de la Llave,19.0530826,-96.0588921,200.0,108007.29
house,Morelos,18.883513,-99.221881,80.0,44783.51
house,Morelos,18.933414,-99.194748,250.0,292900.92
house,Morelos,18.935198,-99.232834,180.0,168596.74
house,Nuevo León,25.7385463,-100.3184093,254.0,139652.29
apartment,Distrito Federal,19.41275,-99.126007,60.0,35890.24
apartment,Distrito Federal,19.364891,-99.148384,78.0,150830.86
house,Estado de México,19.272732,-99.453377,126.0,68492.42
house,Estado de México,19.490576,-99.254997,350.0,210745.93
house,Querétaro,20.5535753,-100.4222725,156.0,86953.31
house,Querétaro,20.572051,-100.406716,227.0,125920.69
house,Baja California,32.457469,-116.882435,102.0,61643.18
house,Distrito Federal,19.353373,-99.1138,160.0,106127.01
house,Yucatán,21.039522,-89.563911,270.0,164947.8
house,Jalisco,20.2959587,-103.1944627,204.0,94835.67
house,Querétaro,20.379178,-99.966431,80.0,34246.21
house,Morelos,18.804409,-98.959038,130.0,47417.83
house,Guanajuato,20.5958037462,-101.186433658,195.0,94858.16
house,Tamaulipas,22.272678,-97.883728,350.0,237145.4
house,Tamaulipas,22.309216,-97.89325,109.0,45848.11
house,Morelos,18.808657,-99.203751,67.0,34254.33
house,Jalisco,20.712604,-103.391146,361.0,194939.99
house,Nuevo León,25.6626225,-100.3688142,311.0,240884.28
house,Puebla,19.059084,-98.286095,243.0,101445.53
house,Aguascalientes,21.89658,-102.316322,245.0,78502.86
house,Campeche,19.8308743,-90.5359003,180.0,76413.51
house,Estado de México,19.491798,-99.262423,150.0,168596.74
house,Distrito Federal,19.508428,-99.125896,150.0,45057.62
house,Chihuahua,28.70466,-106.089596,78.0,51632.75
apartment,Distrito Federal,19.454332,-99.200287,90.0,53832.41
house,Puebla,19.077675,-98.225566,175.0,118544.58
house,Morelos,23.634501,-102.552788,160.0,99577.45
house,Morelos,18.922282,-99.04435,70.0,46469.47
house,Chiapas,16.742777,-93.119011,140.0,73778.56
house,Veracruz de Ignacio de la Llave,20.945961,-97.389905,200.0,289775.66
house,San Luis Potosí,22.193162,-101.005431,80.0,39514.86
apartment,Veracruz de Ignacio de la Llave,19.119549,-96.107643,93.0,76413.51
house,Estado de México,19.4953683665,-99.2584598064,140.0,68508.67
house,Quintana Roo,21.139641,-86.879738,100.0,36880.53
house,Querétaro,20.659601,-100.442467,301.0,274034.68
house,Yucatán,21.3103259143,-89.248380661,325.0,187081.37
apartment,Distrito Federal,19.393257,-99.157113,100.0,71653.61
house,Yucatán,21.072905,-89.65963,190.0,97493.1
house,Veracruz de Ignacio de la Llave,20.9475017,-97.3631926,110.0,67860.19
house,Nuevo León,25.721457,-100.228301,190.0,88513.29
house,Estado de México,19.406092,-99.011968,177.0,80083.45
house,San Luis Potosí,22.125832,-101.035118,197.0,147557.13
house,Yucatán,21.023252,-89.614571,320.0,150192.08
house,Estado de México,19.31673,-99.581169,80.0,47944.7
house,Querétaro,20.647322,-100.479441,82.0,36248.3
house,Estado de México,19.7100885,-98.9659399,99.0,75783.82
apartment,Distrito Federal,19.462951,-99.125888,208.0,131716.2
house,Yucatán,21.072905,-89.65963,290.0,126477.54
house,Tamaulipas,22.3140373,-97.8800254,178.0,51644.99
house,Jalisco,20.547053,-103.47907,340.0,262440.91
house,Tlaxcala,19.308845,-98.214439,85.0,35826.8
apartment,Chiapas,16.745515,-93.15228,102.0,46364.1
house,Chiapas,19.704245,-101.165592,150.0,94835.67
house,Veracruz de Ignacio de la Llave,25.525183,-103.377502,104.0,33192.48
house,San Luis Potosí,22.136711,-101.041163,270.0,163328.09
apartment,Yucatán,21.039522,-89.563911,119.0,115814.11
house,Estado de México,18.831146,-99.675944,125.0,73761.07
house,Querétaro,20.558271,-100.42942,139.0,97469.99
house,Guanajuato,21.178095,-101.708252,360.0,178607.18
apartment,Distrito Federal,19.403794,-99.155899,70.0,54235.15
house,Querétaro,20.543869,-100.414032,150.0,51105.88
apartment,Distrito Federal,19.343424,-99.135933,84.0,115910.26
house,Veracruz de Ignacio de la Llave,19.532236,-96.94104,180.0,79029.72
house,Jalisco,20.755376,-103.39302,120.0,71143.62
apartment,Yucatán,21.008295,-89.591019,142.0,91169.23
apartment,Distrito Federal,19.382649,-99.143384,65.0,44178.77
house,Distrito Federal,23.634501,-102.552788,200.0,152790.8
house,Tamaulipas,22.268972,-97.860939,200.0,121207.64
house,Guerrero,16.856389,-99.913115,131.0,47417.83
house,Veracruz de Ignacio de la Llave,19.1279472004,-96.1076366901,200.0,104319.23
apartment,Puebla,19.076612,-98.236336,93.0,57884.47
house,Querétaro,20.391528,-99.981438,202.0,121207.64
house,Quintana Roo,21.1661723,-86.8251719,370.0,200256.11
house,Baja California,32.46906,-116.81963,86.0,52605.29
apartment,Yucatán,21.0634817,-89.6110378,63.0,44794.13
apartment,Baja California,23.634501,-102.552788,95.0,84313.09
house,Querétaro,20.745667,-100.455109,290.0,236091.42
apartment,Tamaulipas,22.292006,-97.866714,128.0,85878.96
house,Puebla,19.061148,-98.248372,120.0,59535.72
house,Morelos,18.969536,-99.215979,180.0,81664.04
house,Estado de México,19.300028,-99.566057,198.0,53666.55
house,Yucatán,20.999418,-89.619278,377.0,224339.55
apartment,Distrito Federal,19.401507,-99.14682,92.0,67438.69
house,Estado de México,19.663315,-99.103287,100.0,80083.45
apartment,Yucatán,21.030668,-89.599258,82.0,62696.91
house,Colima,19.255166,-103.680325,105.0,46627.53
house,Morelos,18.743973,-99.254183,79.0,42941.43
house,Yucatán,21.037875,-89.648252,123.0,41095.45
apartment,Quintana Roo,21.1495343889,-86.8515973089,79.0,80015.91
house,Morelos,18.951663,-99.218298,376.0,263432.41
apartment,Distrito Federal,19.381078,-99.186714,70.0,85668.22
house,Sinaloa,24.8225157463,-107.4352383614,105.0,55847.67
house,Estado de México,19.522923,-99.241837,200.0,229240.55
house,Querétaro,20.693433,-100.446219,160.0,121178.91
house,Estado de México,19.545727,-99.039146,133.0,67438.69
house,Chihuahua,28.672886,-106.09304,250.0,63238.77
house,Guanajuato,20.9144491,-100.745235,100.0,127584.22
house,Puebla,23.634501,-102.552788,113.0,57955.13
house,Querétaro,20.618279,-100.346985,130.0,99601.06
house,San Luis Potosí,22.193523,-101.0019,211.0,165467.83
house,Yucatán,21.030771,-89.646347,200.0,77994.48
apartment,Chiapas,16.747116,-92.651844,84.0,52686.48
house,Estado de México,19.276849,-99.546473,179.0,94203.43
house,Quintana Roo,21.082655,-86.857162,251.0,187037.01
house,Distrito Federal,19.3845016369,-99.0904824436,115.0,81683.41
apartment,Distrito Federal,19.446829,-99.159454,65.0,163064.66
house,Yucatán,20.99947,-89.642815,169.0,55333.92
house,Aguascalientes,21.99782,-102.191307,350.0,193359.39
house,Nuevo León,25.714615,-100.230576,309.0,158096.93
house,Estado de México,19.286575,-99.597733,200.0,72865.4
house,Durango,24.024288,-104.615791,98.0,36090.24
house,Estado de México,19.537234,-99.025536,83.0,45447.36
house,Distrito Federal,19.343042,-99.054777,275.0,167543.01
house,Querétaro,20.594322,-100.365929,286.0,183875.82
house,Jalisco,20.66976,-105.204857,70.0,35299.94
house,Sinaloa,23.256596,-106.415812,190.0,55320.8
house,Estado de México,19.524088,-99.096736,75.0,70757.94
house,Sonora,27.492267,-109.958231,236.0,115910.26
apartment,Distrito Federal,19.394358,-99.177444,195.0,289775.66
house,Nuevo León,25.7075214,-100.4578949,150.0,110969.16
house,Chihuahua,28.6329957,-106.0691004,274.0,173906.62
house,Tamaulipas,22.286442,-97.889847,81.0,44256.64
house,Morelos,18.926889,-99.218126,186.0,118544.58
apartment,Distrito Federal,19.287568,-99.145853,100.0,159320.71
house,Morelos,18.835637,-99.252857,200.0,63223.78
house,Nuevo León,25.723516,-100.393311,350.0,252895.12
house,Chiapas,19.750508,-101.181947,90.0,37934.26
apartment,Puebla,19.058884,-98.260885,104.0,92201.34
house,Distrito Federal,19.477827,-99.216217,229.0,157690.64
apartment,Morelos,18.963312,-99.214456,76.0,43729.78
apartment,Distrito Federal,19.393656,-99.132304,60.0,84845.35
apartment,Estado de México,19.607218,-99.194926,100.0,43202.91
house,Estado de México,19.1617587,-99.6178249,85.0,57968.87
house,Guerrero,16.7795417527,-99.798010105,275.0,316118.9
house,Yucatán,21.0411724,-89.5550539,195.0,91632.19
house,Tabasco,18.00557,-92.959735,205.0,88513.29
apartment,Distrito Federal,19.441809,-99.156423,80.0,65120.49
house,Hidalgo,20.124367,-98.735725,150.0,92223.21
house,Veracruz de Ignacio de la Llave,20.9673656268,-97.3916879296,120.0,44783.51
apartment,Distrito Federal,19.391819,-99.188639,84.0,71653.61
apartment,Distrito Federal,19.375412,-99.144234,60.0,105372.96
house,Morelos,23.634501,-102.552788,180.0,63223.78
apartment,Distrito Federal,19.496076,-99.204251,60.0,36260.68
house,Sinaloa,24.8053549677,-107.4623677164,95.0,44794.13
apartment,Distrito Federal,19.309196,-99.219505,110.0,121863.83
house,Morelos,18.842861,-99.225906,120.0,105372.96
house,Veracruz de Ignacio de la Llave,25.51485,-103.389699,140.0,51632.75
house,Jalisco,20.532264,-103.484418,175.0,121178.91
house,Morelos,18.9289862,-99.1802147,100.0,47417.83
house,Yucatán,21.0284038368,-89.6530058049,81.0,39524.23
house,San Luis Potosí,22.11830417,-101.0321938992,360.0,245050.24
house,Estado de México,19.233201,-99.558519,115.0,110667.85
